cell_id,source_file,axonal_count,dendrites_count,member_segment_count
dSTUT214_L5_BP_60923f9e40_0_0,dSTUT214_L5_BP_60923f9e40_0_0.cell.nml,2,62,1002
cSTUT189_L6_NBC_df448fd9b1_0_0,cSTUT189_L6_NBC_df448fd9b1_0_0.cell.nml,2,69,2685
dNAC222_L4_MC_29457dde26_0_0,dNAC222_L4_MC_29457dde26_0_0.cell.nml,2,65,4307
cNAC187_L6_ChC_9b41babcdb_0_0,cNAC187_L6_ChC_9b41babcdb_0_0.cell.nml,2,52,2948
cACint209_L4_BP_a436dc77d5_0_0,cACint209_L4_BP_a436dc77d5_0_0.cell.nml,2,13,254
cACint209_L4_NGC_00ae03b116_0_0,cACint209_L4_NGC_00ae03b116_0_0.cell.nml,2,117,1336
cSTUT189_L6_NGC_d2971f01cf_0_0,cSTUT189_L6_NGC_d2971f01cf_0_0.cell.nml,2,118,1556
dNAC222_L5_SBC_365080b27f_0_0,dNAC222_L5_SBC_365080b27f_0_0.cell.nml,2,49,2117
bIR215_L6_DBC_e3438da2c9_0_0,bIR215_L6_DBC_e3438da2c9_0_0.cell.nml,2,78,1797
cNAC187_L6_ChC_d1b33e54c2_0_0,cNAC187_L6_ChC_d1b33e54c2_0_0.cell.nml,2,89,2464
cIR216_L6_NBC_0546dde601_0_0,cIR216_L6_NBC_0546dde601_0_0.cell.nml,2,60,1155
cNAC187_L6_BTC_c021ea90e3_0_0,cNAC187_L6_BTC_c021ea90e3_0_0.cell.nml,2,69,2424
cNAC187_L6_LBC_ae0d738c6e_0_0,cNAC187_L6_LBC_ae0d738c6e_0_0.cell.nml,2,39,5708
cIR216_L4_NBC_c28326d13b_0_0,cIR216_L4_NBC_c28326d13b_0_0.cell.nml,2,43,891
bNAC219_L23_LBC_b35128281c_0_0,bNAC219_L23_LBC_b35128281c_0_0.cell.nml,2,29,927
bNAC219_L23_DBC_f7a3d54a01_0_0,bNAC219_L23_DBC_f7a3d54a01_0_0.cell.nml,2,61,1071
cACint209_L6_NBC_ad3dd575d2_0_0,cACint209_L6_NBC_ad3dd575d2_0_0.cell.nml,2,34,2058
cACint209_L23_LBC_d5fa8128ae_0_0,cACint209_L23_LBC_d5fa8128ae_0_0.cell.nml,2,43,1259
bNAC219_L5_BP_bc09d28ed4_0_0,bNAC219_L5_BP_bc09d28ed4_0_0.cell.nml,2,62,1002
dSTUT214_L5_LBC_6a6d472ca8_0_0,dSTUT214_L5_LBC_6a6d472ca8_0_0.cell.nml,2,18,1017
bAC217_L4_DBC_99fd24de2c_0_0,bAC217_L4_DBC_99fd24de2c_0_0.cell.nml,2,63,3001
bNAC219_L4_NGC_3c9a6fcd96_0_0,bNAC219_L4_NGC_3c9a6fcd96_0_0.cell.nml,2,117,1336
cSTUT189_L1_NGCDA_810ad6a571_0_0,cSTUT189_L1_NGCDA_810ad6a571_0_0.cell.nml,2,30,311
bNAC219_L6_LBC_c5d7d5e5ee_0_0,bNAC219_L6_LBC_c5d7d5e5ee_0_0.cell.nml,2,41,2428
bAC217_L4_BTC_070d4f32f0_0_0,bAC217_L4_BTC_070d4f32f0_0_0.cell.nml,2,78,6135
bAC217_L23_DBC_55c1d16c8c_0_0,bAC217_L23_DBC_55c1d16c8c_0_0.cell.nml,2,38,1316
bNAC219_L5_BP_77ea5abf2a_0_0,bNAC219_L5_BP_77ea5abf2a_0_0.cell.nml,2,62,1002
dSTUT214_L5_NBC_d4cc42ae25_0_0,dSTUT214_L5_NBC_d4cc42ae25_0_0.cell.nml,2,60,1628
bAC217_L6_MC_38015c3bc0_0_0,bAC217_L6_MC_38015c3bc0_0_0.cell.nml,2,83,4197
cACint209_L6_MC_df869132b9_0_0,cACint209_L6_MC_df869132b9_0_0.cell.nml,2,164,2658
bNAC219_L23_SBC_da4a711a61_0_0,bNAC219_L23_SBC_da4a711a61_0_0.cell.nml,2,37,456
dSTUT214_L6_BP_871d8b9502_0_0,dSTUT214_L6_BP_871d8b9502_0_0.cell.nml,2,62,1002
bAC217_L5_LBC_01750e1e18_0_0,bAC217_L5_LBC_01750e1e18_0_0.cell.nml,2,52,2388
cSTUT189_L5_NGC_d83e8a122b_0_0,cSTUT189_L5_NGC_d83e8a122b_0_0.cell.nml,2,118,1556
cACint209_L4_LBC_66ec8fed8f_0_0,cACint209_L4_LBC_66ec8fed8f_0_0.cell.nml,2,105,2206
bIR215_L4_DBC_e57b56d14c_0_0,bIR215_L4_DBC_e57b56d14c_0_0.cell.nml,2,62,1252
TCR,TCR.cell.nml,6,130,274
cNAC187_L1_HAC_cc210b8244_0_0,cNAC187_L1_HAC_cc210b8244_0_0.cell.nml,2,44,1098
dNAC222_L5_SBC_655c77b594_0_0,dNAC222_L5_SBC_655c77b594_0_0.cell.nml,2,49,2117
bNAC219_L6_NGC_1cbc449022_0_0,bNAC219_L6_NGC_1cbc449022_0_0.cell.nml,2,118,1556
cACint209_L6_MC_5597e4d536_0_0,cACint209_L6_MC_5597e4d536_0_0.cell.nml,2,35,1610
bSTUT213_L5_MC_abb77ac4ef_0_0,bSTUT213_L5_MC_abb77ac4ef_0_0.cell.nml,2,65,2640
cACint209_L6_ChC_8eec342856_0_0,cACint209_L6_ChC_8eec342856_0_0.cell.nml,2,89,2464
cADpyr232_L5_STPC_d16b0be14e_0_0,cADpyr232_L5_STPC_d16b0be14e_0_0.cell.nml,2,203,2075
cSTUT189_L5_NGC_95430123f5_0_0,cSTUT189_L5_NGC_95430123f5_0_0.cell.nml,2,118,1556
cIR216_L6_NBC_4eea8c6853_0_0,cIR216_L6_NBC_4eea8c6853_0_0.cell.nml,2,77,1828
cADpyr230_L4_SP_0dc3a9acaf_0_0,cADpyr230_L4_SP_0dc3a9acaf_0_0.cell.nml,2,67,1190
cNAC187_L1_NGCSA_6fcd70b510_0_0,cNAC187_L1_NGCSA_6fcd70b510_0_0.cell.nml,2,43,387
bNAC219_L4_BP_c99c259f39_0_0,bNAC219_L4_BP_c99c259f39_0_0.cell.nml,2,13,254
bAC217_L5_BTC_9b82f426e5_0_0,bAC217_L5_BTC_9b82f426e5_0_0.cell.nml,2,109,2574
cACint209_L6_BP_31899e6d75_0_0,cACint209_L6_BP_31899e6d75_0_0.cell.nml,2,62,1002
bIR215_L6_MC_6ed36072e7_0_0,bIR215_L6_MC_6ed36072e7_0_0.cell.nml,2,109,4109
cNAC187_L6_LBC_9ab2498c23_0_0,cNAC187_L6_LBC_9ab2498c23_0_0.cell.nml,2,31,1299
cNAC187_L6_MC_d379cda689_0_0,cNAC187_L6_MC_d379cda689_0_0.cell.nml,2,95,1805
bSTUT213_L6_DBC_65305c1be2_0_0,bSTUT213_L6_DBC_65305c1be2_0_0.cell.nml,2,94,2685
cNAC187_L5_BP_d97748152f_0_0,cNAC187_L5_BP_d97748152f_0_0.cell.nml,2,62,1002
cIR216_L5_NBC_d30015ad95_0_0,cIR216_L5_NBC_d30015ad95_0_0.cell.nml,2,57,3338
bSTUT213_L4_DBC_0c64ca4449_0_0,bSTUT213_L4_DBC_0c64ca4449_0_0.cell.nml,2,62,1252
cSTUT189_L6_NBC_63dc8fdbb5_0_0,cSTUT189_L6_NBC_63dc8fdbb5_0_0.cell.nml,2,49,1824
cSTUT189_L23_NGC_b606225da8_0_0,cSTUT189_L23_NGC_b606225da8_0_0.cell.nml,2,117,1336
cACint209_L1_NGCDA_3037dfc60f_0_0,cACint209_L1_NGCDA_3037dfc60f_0_0.cell.nml,2,47,1024
cACint209_L5_ChC_8eec342856_0_0,cACint209_L5_ChC_8eec342856_0_0.cell.nml,2,89,2464
cACint209_L23_LBC_78b571a886_0_0,cACint209_L23_LBC_78b571a886_0_0.cell.nml,2,48,767
bNAC219_L4_DBC_cf9508af7b_0_0,bNAC219_L4_DBC_cf9508af7b_0_0.cell.nml,2,61,3419
bAC217_L4_DBC_9827c5d3a7_0_0,bAC217_L4_DBC_9827c5d3a7_0_0.cell.nml,2,83,993
cSTUT189_L4_NGC_40d6a8f682_0_0,cSTUT189_L4_NGC_40d6a8f682_0_0.cell.nml,2,117,1336
bIR215_L6_MC_d379cda689_0_0,bIR215_L6_MC_d379cda689_0_0.cell.nml,2,95,1805
dSTUT214_L4_BP_0b51bbc21b_0_0,dSTUT214_L4_BP_0b51bbc21b_0_0.cell.nml,2,13,254
dNAC222_L4_ChC_a3c657441e_0_0,dNAC222_L4_ChC_a3c657441e_0_0.cell.nml,2,99,1241
cACint209_L6_DBC_d59edbb45e_0_0,cACint209_L6_DBC_d59edbb45e_0_0.cell.nml,2,94,2685
cNAC187_L6_DBC_2bb1f65738_0_0,cNAC187_L6_DBC_2bb1f65738_0_0.cell.nml,2,78,1797
cACint209_L6_ChC_9060a4c27e_0_0,cACint209_L6_ChC_9060a4c27e_0_0.cell.nml,2,52,2948
cNAC187_L23_MC_44b474bb8f_0_0,cNAC187_L23_MC_44b474bb8f_0_0.cell.nml,2,89,1252
cACint209_L23_MC_940ffcbb27_0_0,cACint209_L23_MC_940ffcbb27_0_0.cell.nml,2,62,1393
bNAC219_L23_LBC_97118d2391_0_0,bNAC219_L23_LBC_97118d2391_0_0.cell.nml,2,72,1589
cNAC187_L5_MC_9935c06ba6_0_0,cNAC187_L5_MC_9935c06ba6_0_0.cell.nml,2,54,1512
cNAC187_L6_LBC_f9ea5d0925_0_0,cNAC187_L6_LBC_f9ea5d0925_0_0.cell.nml,2,44,3005
cSTUT189_L5_MC_42542e071a_0_0,cSTUT189_L5_MC_42542e071a_0_0.cell.nml,2,138,2255
cNAC187_L4_MC_8a4a02932c_0_0,cNAC187_L4_MC_8a4a02932c_0_0.cell.nml,2,81,1549
bSTUT213_L6_DBC_ed383a5814_0_0,bSTUT213_L6_DBC_ed383a5814_0_0.cell.nml,2,44,2370
cNAC187_L1_DLAC_d51b8a96ed_0_0,cNAC187_L1_DLAC_d51b8a96ed_0_0.cell.nml,2,88,1596
bIR215_L6_DBC_0271760b42_0_0,bIR215_L6_DBC_0271760b42_0_0.cell.nml,2,76,4700
bNAC219_L4_SBC_dbf40425f3_0_0,bNAC219_L4_SBC_dbf40425f3_0_0.cell.nml,2,49,548
cACint209_L1_NGCDA_d8569cb244_0_0,cACint209_L1_NGCDA_d8569cb244_0_0.cell.nml,2,66,2223
bNAC219_L23_BTC_38a5da4025_0_0,bNAC219_L23_BTC_38a5da4025_0_0.cell.nml,2,41,643
cNAC187_L4_DBC_d99bd73381_0_0,cNAC187_L4_DBC_d99bd73381_0_0.cell.nml,2,63,3001
bIR215_L5_NBC_809407f588_0_0,bIR215_L5_NBC_809407f588_0_0.cell.nml,2,70,2000
cNAC187_L4_BTC_5612242ada_0_0,cNAC187_L4_BTC_5612242ada_0_0.cell.nml,2,41,921
bAC217_L6_LBC_e85c51cdb8_0_0,bAC217_L6_LBC_e85c51cdb8_0_0.cell.nml,2,39,5708
cACint209_L4_BTC_87c80e7368_0_0,cACint209_L4_BTC_87c80e7368_0_0.cell.nml,2,78,6135
bAC217_L6_LBC_5d73327936_0_0,bAC217_L6_LBC_5d73327936_0_0.cell.nml,2,41,942
bNAC219_L1_DAC_56906d7a99_0_0,bNAC219_L1_DAC_56906d7a99_0_0.cell.nml,2,41,1534
cACint209_L6_SBC_02fff5e56a_0_0,cACint209_L6_SBC_02fff5e56a_0_0.cell.nml,2,54,952
cACint209_L5_NBC_3064d86d49_0_0,cACint209_L5_NBC_3064d86d49_0_0.cell.nml,2,69,3055
bNAC219_L4_DBC_0d7219bf46_0_0,bNAC219_L4_DBC_0d7219bf46_0_0.cell.nml,2,63,3001
dNAC222_L6_SBC_1404bc18ce_0_0,dNAC222_L6_SBC_1404bc18ce_0_0.cell.nml,2,57,2917
bAC217_L23_BTC_65225ca4f8_0_0,bAC217_L23_BTC_65225ca4f8_0_0.cell.nml,2,41,643
cNAC187_L4_BP_29d7636cbc_0_0,cNAC187_L4_BP_29d7636cbc_0_0.cell.nml,2,13,254
dNAC222_L4_MC_f8c62d11b0_0_0,dNAC222_L4_MC_f8c62d11b0_0_0.cell.nml,2,23,576
cACint209_L6_SBC_1994e395b2_0_0,cACint209_L6_SBC_1994e395b2_0_0.cell.nml,2,57,2917
cNAC187_L4_BP_e936f4d8ba_0_0,cNAC187_L4_BP_e936f4d8ba_0_0.cell.nml,2,13,254
bSTUT213_L5_MC_fdc7bd1d07_0_0,bSTUT213_L5_MC_fdc7bd1d07_0_0.cell.nml,2,25,748
cNAC187_L4_BTC_d58cc3840a_0_0,cNAC187_L4_BTC_d58cc3840a_0_0.cell.nml,2,49,1457
bNAC219_L23_NGC_2ed16864d8_0_0,bNAC219_L23_NGC_2ed16864d8_0_0.cell.nml,2,117,1336
bNAC219_L23_NBC_ff73785e1d_0_0,bNAC219_L23_NBC_ff73785e1d_0_0.cell.nml,2,53,772
cNAC187_L4_BP_a436dc77d5_0_0,cNAC187_L4_BP_a436dc77d5_0_0.cell.nml,2,13,254
cACint209_L23_NGC_be2ffb9c7d_0_0,cACint209_L23_NGC_be2ffb9c7d_0_0.cell.nml,2,117,1336
bIR215_L6_MC_6c575906a7_0_0,bIR215_L6_MC_6c575906a7_0_0.cell.nml,2,92,4947
cACint209_L4_SBC_7382b080d8_0_0,cACint209_L4_SBC_7382b080d8_0_0.cell.nml,2,39,2297
cNAC187_L5_NBC_ded84149de_0_0,cNAC187_L5_NBC_ded84149de_0_0.cell.nml,2,70,2000
cNAC187_L6_LBC_41f715f2d0_0_0,cNAC187_L6_LBC_41f715f2d0_0_0.cell.nml,2,48,1774
cADpyr232_L5_TTPC1_ded64abc4d_0_0,cADpyr232_L5_TTPC1_ded64abc4d_0_0.cell.nml,2,236,7905
dNAC222_L4_LBC_3530c2c05e_0_0,dNAC222_L4_LBC_3530c2c05e_0_0.cell.nml,2,44,977
cACint209_L4_NBC_7b7132634e_0_0,cACint209_L4_NBC_7b7132634e_0_0.cell.nml,2,59,3007
cSTUT189_L23_NGC_efe076107a_0_0,cSTUT189_L23_NGC_efe076107a_0_0.cell.nml,2,158,1464
cADpyr229_L23_PC_8ef1aa6602_0_0,cADpyr229_L23_PC_8ef1aa6602_0_0.cell.nml,2,89,1143
cNAC187_L6_DBC_d59edbb45e_0_0,cNAC187_L6_DBC_d59edbb45e_0_0.cell.nml,2,94,2685
bIR215_L6_MC_62cf39b45d_0_0,bIR215_L6_MC_62cf39b45d_0_0.cell.nml,2,83,4197
cNAC187_L1_SLAC_1b78a7b294_0_0,cNAC187_L1_SLAC_1b78a7b294_0_0.cell.nml,2,38,385
bSTUT213_L6_LBC_0823165631_0_0,bSTUT213_L6_LBC_0823165631_0_0.cell.nml,2,64,2217
cIR216_L6_NBC_656e1c0a2d_0_0,cIR216_L6_NBC_656e1c0a2d_0_0.cell.nml,2,58,1196
cADpyr232_L5_TTPC2_8052133265_0_0,cADpyr232_L5_TTPC2_8052133265_0_0.cell.nml,2,212,5752
bIR215_L4_BTC_d58cc3840a_0_0,bIR215_L4_BTC_d58cc3840a_0_0.cell.nml,2,49,1457
cNAC187_L6_BP_e2f954f49d_0_0,cNAC187_L6_BP_e2f954f49d_0_0.cell.nml,2,62,1002
bAC217_L6_LBC_e2449b7b3c_0_0,bAC217_L6_LBC_e2449b7b3c_0_0.cell.nml,2,37,3325
dNAC222_L4_LBC_992411393b_0_0,dNAC222_L4_LBC_992411393b_0_0.cell.nml,2,67,1316
dSTUT214_L5_LBC_5dc27443f3_0_0,dSTUT214_L5_LBC_5dc27443f3_0_0.cell.nml,2,52,2388
cACint209_L4_MC_8a4a02932c_0_0,cACint209_L4_MC_8a4a02932c_0_0.cell.nml,2,81,1549
bAC217_L6_BP_f920d1af2c_0_0,bAC217_L6_BP_f920d1af2c_0_0.cell.nml,2,62,1002
nRTm,nRTm.cell.nml,6,104,222
cACint209_L6_NGC_c750503224_0_0,cACint209_L6_NGC_c750503224_0_0.cell.nml,2,118,1556
dNAC222_L4_LBC_f0975c96e7_0_0,dNAC222_L4_LBC_f0975c96e7_0_0.cell.nml,2,61,1091
bNAC219_L23_MC_940ffcbb27_0_0,bNAC219_L23_MC_940ffcbb27_0_0.cell.nml,2,62,1393
dSTUT214_L4_LBC_84318d400f_0_0,dSTUT214_L4_LBC_84318d400f_0_0.cell.nml,2,67,1316
bSTUT213_L6_DBC_f56173144c_0_0,bSTUT213_L6_DBC_f56173144c_0_0.cell.nml,2,94,2685
bSTUT213_L6_MC_d379cda689_0_0,bSTUT213_L6_MC_d379cda689_0_0.cell.nml,2,95,1805
dNAC222_L4_ChC_5e109d198d_0_0,dNAC222_L4_ChC_5e109d198d_0_0.cell.nml,2,99,1241
cACint209_L6_ChC_14a89428ba_0_0,cACint209_L6_ChC_14a89428ba_0_0.cell.nml,2,57,2334
bIR215_L5_NBC_cb87ec754a_0_0,bIR215_L5_NBC_cb87ec754a_0_0.cell.nml,2,57,3338
bIR215_L6_BP_5e5c39b863_0_0,bIR215_L6_BP_5e5c39b863_0_0.cell.nml,2,62,1002
bSTUT213_L6_DBC_eb2bf85006_0_0,bSTUT213_L6_DBC_eb2bf85006_0_0.cell.nml,2,60,861
cACint209_L6_SBC_6c406e9f09_0_0,cACint209_L6_SBC_6c406e9f09_0_0.cell.nml,2,54,952
cACint209_L23_SBC_afc0be559d_0_0,cACint209_L23_SBC_afc0be559d_0_0.cell.nml,2,29,672
cSTUT189_L6_LBC_040eb0bc59_0_0,cSTUT189_L6_LBC_040eb0bc59_0_0.cell.nml,2,44,3005
cACint209_L5_SBC_3ba116236f_0_0,cACint209_L5_SBC_3ba116236f_0_0.cell.nml,2,111,6456
cACint209_L4_BTC_20d24e55d5_0_0,cACint209_L4_BTC_20d24e55d5_0_0.cell.nml,2,49,1457
cACint209_L1_NGCDA_3f6ea7fdea_0_0,cACint209_L1_NGCDA_3f6ea7fdea_0_0.cell.nml,2,57,364
cIR216_L4_DBC_6649d38fd5_0_0,cIR216_L4_DBC_6649d38fd5_0_0.cell.nml,2,63,3001
bAC217_L23_BP_2f6bdee09f_0_0,bAC217_L23_BP_2f6bdee09f_0_0.cell.nml,2,12,196
dNAC222_L5_MC_c135727743_0_0,dNAC222_L5_MC_c135727743_0_0.cell.nml,2,65,2640
cNAC187_L4_ChC_22d43e8e41_0_0,cNAC187_L4_ChC_22d43e8e41_0_0.cell.nml,2,99,1241
cACint209_L6_BTC_0aac470ea8_0_0,cACint209_L6_BTC_0aac470ea8_0_0.cell.nml,2,69,2424
bIR215_L6_NBC_ebdeb060a6_0_0,bIR215_L6_NBC_ebdeb060a6_0_0.cell.nml,2,49,1824
dSTUT214_L5_BP_f600080385_0_0,dSTUT214_L5_BP_f600080385_0_0.cell.nml,2,62,1002
bIR215_L23_BP_a4d3f66d76_0_0,bIR215_L23_BP_a4d3f66d76_0_0.cell.nml,2,12,196
bNAC219_L5_NGC_c05e76271c_0_0,bNAC219_L5_NGC_c05e76271c_0_0.cell.nml,2,118,1556
cACint209_L1_SLAC_0a908934ff_0_0,cACint209_L1_SLAC_0a908934ff_0_0.cell.nml,2,38,385
dNAC222_L4_SBC_1bad5bb92b_0_0,dNAC222_L4_SBC_1bad5bb92b_0_0.cell.nml,2,39,2297
cNAC187_L23_LBC_d3f79b893e_0_0,cNAC187_L23_LBC_d3f79b893e_0_0.cell.nml,2,29,927
dSTUT214_L4_BP_a8b6abe396_0_0,dSTUT214_L4_BP_a8b6abe396_0_0.cell.nml,2,13,254
cACint209_L4_NBC_70775a2036_0_0,cACint209_L4_NBC_70775a2036_0_0.cell.nml,2,47,959
cSTUT189_L6_NGC_4cb459d73b_0_0,cSTUT189_L6_NGC_4cb459d73b_0_0.cell.nml,2,118,1556
bAC217_L4_BTC_49eddfe373_0_0,bAC217_L4_BTC_49eddfe373_0_0.cell.nml,2,78,6135
bAC217_L4_DBC_87482e342d_0_0,bAC217_L4_DBC_87482e342d_0_0.cell.nml,2,62,1252
bNAC219_L6_BP_94e814803e_0_0,bNAC219_L6_BP_94e814803e_0_0.cell.nml,2,62,1002
cNAC187_L5_ChC_b51988187a_0_0,cNAC187_L5_ChC_b51988187a_0_0.cell.nml,2,52,2948
bNAC219_L6_MC_df869132b9_0_0,bNAC219_L6_MC_df869132b9_0_0.cell.nml,2,164,2658
cNAC187_L4_LBC_cf3f064b85_0_0,cNAC187_L4_LBC_cf3f064b85_0_0.cell.nml,2,43,927
dNAC222_L4_SBC_f48f4f7670_0_0,dNAC222_L4_SBC_f48f4f7670_0_0.cell.nml,2,49,548
bAC217_L23_LBC_72e65525d3_0_0,bAC217_L23_LBC_72e65525d3_0_0.cell.nml,2,45,2396
cNAC187_L1_SLAC_26e7460577_0_0,cNAC187_L1_SLAC_26e7460577_0_0.cell.nml,2,40,805
bNAC219_L4_BP_a90620dca0_0_0,bNAC219_L4_BP_a90620dca0_0_0.cell.nml,2,13,254
cACint209_L5_DBC_6a2bbf2a1b_0_0,cACint209_L5_DBC_6a2bbf2a1b_0_0.cell.nml,2,78,1797
cNAC187_L5_ChC_6c89541c26_0_0,cNAC187_L5_ChC_6c89541c26_0_0.cell.nml,2,89,2464
cNAC187_L6_NBC_4225ab5b52_0_0,cNAC187_L6_NBC_4225ab5b52_0_0.cell.nml,2,37,1189
bAC217_L23_NBC_55cf872277_0_0,bAC217_L23_NBC_55cf872277_0_0.cell.nml,2,58,860
nRTil,nRTil.cell.nml,6,28,70
cACint209_L23_DBC_d6b3e3e96c_0_0,cACint209_L23_DBC_d6b3e3e96c_0_0.cell.nml,2,47,703
cSTUT189_L4_NGC_1b7f7c63b1_0_0,cSTUT189_L4_NGC_1b7f7c63b1_0_0.cell.nml,2,117,1336
cACint209_L23_LBC_10ecac904b_0_0,cACint209_L23_LBC_10ecac904b_0_0.cell.nml,2,29,927
dNAC222_L23_ChC_cfcfe12e37_0_0,dNAC222_L23_ChC_cfcfe12e37_0_0.cell.nml,2,88,1171
cADpyr230_L4_SP_6fe41ae9cd_0_0,cADpyr230_L4_SP_6fe41ae9cd_0_0.cell.nml,2,72,1142
bNAC219_L23_DBC_4c3b81ee8f_0_0,bNAC219_L23_DBC_4c3b81ee8f_0_0.cell.nml,2,47,703
cACint209_L5_BP_946d6468c0_0_0,cACint209_L5_BP_946d6468c0_0_0.cell.nml,2,62,1002
bIR215_L5_NBC_913c40083e_0_0,bIR215_L5_NBC_913c40083e_0_0.cell.nml,2,65,1037
cACint209_L6_MC_0686f3517c_0_0,cACint209_L6_MC_0686f3517c_0_0.cell.nml,2,56,3463
bSTUT213_L5_NBC_e7c18ce52f_0_0,bSTUT213_L5_NBC_e7c18ce52f_0_0.cell.nml,2,63,1577
bIR215_L23_BTC_e02ed2d076_0_0,bIR215_L23_BTC_e02ed2d076_0_0.cell.nml,2,41,643
cSTUT189_L6_LBC_1f1d59d3f5_0_0,cSTUT189_L6_LBC_1f1d59d3f5_0_0.cell.nml,2,41,2428
bAC217_L23_MC_40be3bf0e8_0_0,bAC217_L23_MC_40be3bf0e8_0_0.cell.nml,2,37,1232
cNAC187_L23_ChC_ec689de5f2_0_0,cNAC187_L23_ChC_ec689de5f2_0_0.cell.nml,2,88,1171
cNAC187_L6_NGC_43bfe487c7_0_0,cNAC187_L6_NGC_43bfe487c7_0_0.cell.nml,2,118,1556
bAC217_L23_MC_464f0bd828_0_0,bAC217_L23_MC_464f0bd828_0_0.cell.nml,2,84,3096
cIR216_L6_MC_87e499e11e_0_0,cIR216_L6_MC_87e499e11e_0_0.cell.nml,2,156,8243
cIR216_L4_DBC_90f039ca46_0_0,cIR216_L4_DBC_90f039ca46_0_0.cell.nml,2,61,3419
cACint209_L4_SBC_fc7c18ae57_0_0,cACint209_L4_SBC_fc7c18ae57_0_0.cell.nml,2,67,2160
cNAC187_L23_BP_2004171a4c_0_0,cNAC187_L23_BP_2004171a4c_0_0.cell.nml,2,12,196
bAC217_L4_MC_8a4a02932c_0_0,bAC217_L4_MC_8a4a02932c_0_0.cell.nml,2,81,1549
bIR215_L23_BTC_b7a569ac13_0_0,bIR215_L23_BTC_b7a569ac13_0_0.cell.nml,2,55,2039
bNAC219_L1_NGCDA_b030a58a66_0_0,bNAC219_L1_NGCDA_b030a58a66_0_0.cell.nml,2,39,728
dNAC222_L23_MC_1490f15199_0_0,dNAC222_L23_MC_1490f15199_0_0.cell.nml,2,231,1842
cACint209_L5_BP_b43315e986_0_0,cACint209_L5_BP_b43315e986_0_0.cell.nml,2,62,1002
bAC217_L5_DBC_7f0bb8efe9_0_0,bAC217_L5_DBC_7f0bb8efe9_0_0.cell.nml,2,76,4700
cNAC187_L5_LBC_078d827ab9_0_0,cNAC187_L5_LBC_078d827ab9_0_0.cell.nml,2,43,1102
cNAC187_L5_DBC_ad487d347d_0_0,cNAC187_L5_DBC_ad487d347d_0_0.cell.nml,2,60,861
cNAC187_L1_SLAC_3759bf3d94_0_0,cNAC187_L1_SLAC_3759bf3d94_0_0.cell.nml,2,33,477
bAC217_L5_DBC_4765d943f4_0_0,bAC217_L5_DBC_4765d943f4_0_0.cell.nml,2,78,1797
cACint209_L4_NGC_9f0f008375_0_0,cACint209_L4_NGC_9f0f008375_0_0.cell.nml,2,158,1464
cNAC187_L23_ChC_85582ca6d2_0_0,cNAC187_L23_ChC_85582ca6d2_0_0.cell.nml,2,39,2560
cNAC187_L4_DBC_efeb05a196_0_0,cNAC187_L4_DBC_efeb05a196_0_0.cell.nml,2,63,3001
cACint209_L6_NGC_2ab508e906_0_0,cACint209_L6_NGC_2ab508e906_0_0.cell.nml,2,118,1556
cADpyr232_L5_STPC_a78c3cbca8_0_0,cADpyr232_L5_STPC_a78c3cbca8_0_0.cell.nml,2,132,7168
bAC217_L5_BP_4bf5a32d90_0_0,bAC217_L5_BP_4bf5a32d90_0_0.cell.nml,2,62,1002
cNAC187_L4_ChC_38a9a8850a_0_0,cNAC187_L4_ChC_38a9a8850a_0_0.cell.nml,2,89,2464
cNAC187_L5_BTC_af3d0dad8e_0_0,cNAC187_L5_BTC_af3d0dad8e_0_0.cell.nml,2,131,4067
cNAC187_L5_BTC_18584bfae6_0_0,cNAC187_L5_BTC_18584bfae6_0_0.cell.nml,2,133,1479
cACint209_L23_NBC_ad562fc72b_0_0,cACint209_L23_NBC_ad562fc72b_0_0.cell.nml,2,53,772
cADpyr232_L5_UTPC_79412a7e72_0_0,cADpyr232_L5_UTPC_79412a7e72_0_0.cell.nml,2,131,6855
cNAC187_L6_NBC_c0fd8f67e2_0_0,cNAC187_L6_NBC_c0fd8f67e2_0_0.cell.nml,2,69,2685
cACint209_L6_NGC_a5e20f50a4_0_0,cACint209_L6_NGC_a5e20f50a4_0_0.cell.nml,2,118,1556
cNAC187_L23_NGC_4cc11d30bc_0_0,cNAC187_L23_NGC_4cc11d30bc_0_0.cell.nml,2,117,1336
cSTUT189_L23_NGC_157802f324_0_0,cSTUT189_L23_NGC_157802f324_0_0.cell.nml,2,117,1336
bNAC219_L4_NGC_1fcc3e1a56_0_0,bNAC219_L4_NGC_1fcc3e1a56_0_0.cell.nml,2,117,1336
cNAC187_L5_MC_bf2b2fbcbf_0_0,cNAC187_L5_MC_bf2b2fbcbf_0_0.cell.nml,2,156,8243
bNAC219_L23_LBC_91044b50b3_0_0,bNAC219_L23_LBC_91044b50b3_0_0.cell.nml,2,48,767
bIR215_L4_DBC_5a91010028_0_0,bIR215_L4_DBC_5a91010028_0_0.cell.nml,2,63,3001
cNAC187_L5_NGC_86e570892b_0_0,cNAC187_L5_NGC_86e570892b_0_0.cell.nml,2,118,1556
bNAC219_L6_DBC_b770304226_0_0,bNAC219_L6_DBC_b770304226_0_0.cell.nml,2,60,861
cSTUT189_L5_MC_bf2b2fbcbf_0_0,cSTUT189_L5_MC_bf2b2fbcbf_0_0.cell.nml,2,156,8243
cIR216_L4_NBC_8773d50bcd_0_0,cIR216_L4_NBC_8773d50bcd_0_0.cell.nml,2,48,957
bNAC219_L23_SBC_cf92e1b802_0_0,bNAC219_L23_SBC_cf92e1b802_0_0.cell.nml,2,20,359
bNAC219_L6_LBC_0491f28d21_0_0,bNAC219_L6_LBC_0491f28d21_0_0.cell.nml,2,31,1299
cNAC187_L5_LBC_1e4112fe69_0_0,cNAC187_L5_LBC_1e4112fe69_0_0.cell.nml,2,153,4888
bAC217_L23_MC_44b474bb8f_0_0,bAC217_L23_MC_44b474bb8f_0_0.cell.nml,2,89,1252
cSTUT189_L5_LBC_0ffcc91920_0_0,cSTUT189_L5_LBC_0ffcc91920_0_0.cell.nml,2,78,2171
dNAC222_L23_SBC_ef99b8a177_0_0,dNAC222_L23_SBC_ef99b8a177_0_0.cell.nml,2,46,771
bAC217_L23_DBC_393cc5cca5_0_0,bAC217_L23_DBC_393cc5cca5_0_0.cell.nml,2,61,1071
cNAC187_L6_NGC_4eb0813b69_0_0,cNAC187_L6_NGC_4eb0813b69_0_0.cell.nml,2,118,1556
dSTUT214_L6_BP_82b6294190_0_0,dSTUT214_L6_BP_82b6294190_0_0.cell.nml,2,62,1002
dSTUT214_L5_BP_15aa299646_0_0,dSTUT214_L5_BP_15aa299646_0_0.cell.nml,2,62,1002
cACint209_L6_DBC_0271760b42_0_0,cACint209_L6_DBC_0271760b42_0_0.cell.nml,2,76,4700
cNAC187_L5_BTC_87f7404d17_0_0,cNAC187_L5_BTC_87f7404d17_0_0.cell.nml,2,135,5219
cNAC187_L5_BP_bf9275d56a_0_0,cNAC187_L5_BP_bf9275d56a_0_0.cell.nml,2,62,1002
bNAC219_L4_DBC_beb47bee0e_0_0,bNAC219_L4_DBC_beb47bee0e_0_0.cell.nml,2,62,1252
cACint209_L4_BTC_8af90b418f_0_0,cACint209_L4_BTC_8af90b418f_0_0.cell.nml,2,20,890
bNAC219_L1_SLAC_d22d584760_0_0,bNAC219_L1_SLAC_d22d584760_0_0.cell.nml,2,33,477
cNAC187_L5_NBC_8d74f99eef_0_0,cNAC187_L5_NBC_8d74f99eef_0_0.cell.nml,2,65,1037
cNAC187_L4_DBC_23ffe29c8b_0_0,cNAC187_L4_DBC_23ffe29c8b_0_0.cell.nml,2,62,1252
cACint209_L5_LBC_b1fb5cc4b0_0_0,cACint209_L5_LBC_b1fb5cc4b0_0_0.cell.nml,2,30,612
cIR216_L5_DBC_44eae19442_0_0,cIR216_L5_DBC_44eae19442_0_0.cell.nml,2,60,861
bSTUT213_L5_NBC_6c09f2f610_0_0,bSTUT213_L5_NBC_6c09f2f610_0_0.cell.nml,2,60,1628
cACint209_L6_BP_ce89d46a17_0_0,cACint209_L6_BP_ce89d46a17_0_0.cell.nml,2,62,1002
cACint209_L6_NBC_a3972c5d97_0_0,cACint209_L6_NBC_a3972c5d97_0_0.cell.nml,2,63,2686
dNAC222_L4_NBC_c61eec6aeb_0_0,dNAC222_L4_NBC_c61eec6aeb_0_0.cell.nml,2,47,1114
bIR215_L6_BP_ff30c6d80e_0_0,bIR215_L6_BP_ff30c6d80e_0_0.cell.nml,2,62,1002
dSTUT214_L5_BP_55f9b731a1_0_0,dSTUT214_L5_BP_55f9b731a1_0_0.cell.nml,2,62,1002
bIR215_L5_NBC_83f56a1270_0_0,bIR215_L5_NBC_83f56a1270_0_0.cell.nml,2,63,1577
cADpyr231_L6_TPC_L4_0cb1e9aa6b_0_0,cADpyr231_L6_TPC_L4_0cb1e9aa6b_0_0.cell.nml,2,79,6398
cSTUT189_L1_NGCDA_daa2d6b6a9_0_0,cSTUT189_L1_NGCDA_daa2d6b6a9_0_0.cell.nml,2,57,364
cNAC187_L5_MC_8a4a02932c_0_0,cNAC187_L5_MC_8a4a02932c_0_0.cell.nml,2,81,1549
bAC217_L6_NBC_1ef33fd873_0_0,bAC217_L6_NBC_1ef33fd873_0_0.cell.nml,2,77,1828
dSTUT214_L4_BP_b88746aff4_0_0,dSTUT214_L4_BP_b88746aff4_0_0.cell.nml,2,13,254
cIR216_L5_NBC_12baea0593_0_0,cIR216_L5_NBC_12baea0593_0_0.cell.nml,2,55,1828
cACint209_L23_SBC_1fa95380bf_0_0,cACint209_L23_SBC_1fa95380bf_0_0.cell.nml,2,68,2805
bNAC219_L23_SBC_6d12eabed9_0_0,bNAC219_L23_SBC_6d12eabed9_0_0.cell.nml,2,31,964
cSTUT189_L23_NGC_4cc11d30bc_0_0,cSTUT189_L23_NGC_4cc11d30bc_0_0.cell.nml,2,117,1336
bNAC219_L1_SLAC_1aa0a09b13_0_0,bNAC219_L1_SLAC_1aa0a09b13_0_0.cell.nml,2,59,1009
bSTUT213_L4_DBC_cd818dfadf_0_0,bSTUT213_L4_DBC_cd818dfadf_0_0.cell.nml,2,63,3001
cNAC187_L5_LBC_b883da43ff_0_0,cNAC187_L5_LBC_b883da43ff_0_0.cell.nml,2,52,2388
bAC217_L23_DBC_e5ab405051_0_0,bAC217_L23_DBC_e5ab405051_0_0.cell.nml,2,47,1011
bNAC219_L5_NGC_842d05dd57_0_0,bNAC219_L5_NGC_842d05dd57_0_0.cell.nml,2,118,1556
cACint209_L5_NGC_82e62003c9_0_0,cACint209_L5_NGC_82e62003c9_0_0.cell.nml,2,118,1556
dNAC222_L4_BTC_e8dd2ca96e_0_0,dNAC222_L4_BTC_e8dd2ca96e_0_0.cell.nml,2,49,1457
bSTUT213_L5_MC_8a4a02932c_0_0,bSTUT213_L5_MC_8a4a02932c_0_0.cell.nml,2,81,1549
cSTUT189_L4_LBC_1d4118b33e_0_0,cSTUT189_L4_LBC_1d4118b33e_0_0.cell.nml,2,72,977
dSTUT214_L6_BP_be00ceca27_0_0,dSTUT214_L6_BP_be00ceca27_0_0.cell.nml,2,62,1002
bNAC219_L1_DAC_0d58fdf14a_0_0,bNAC219_L1_DAC_0d58fdf14a_0_0.cell.nml,2,44,1124
TCRc,TCRc.cell.nml,6,90,194
bAC217_L6_DBC_52e1730bbd_0_0,bAC217_L6_DBC_52e1730bbd_0_0.cell.nml,2,76,4700
dNAC222_L5_MC_8a4a02932c_0_0,dNAC222_L5_MC_8a4a02932c_0_0.cell.nml,2,81,1549
dNAC222_L23_LBC_3872d55b42_0_0,dNAC222_L23_LBC_3872d55b42_0_0.cell.nml,2,48,767
nRTc,nRTc.cell.nml,6,52,118
bIR215_L5_MC_cc2a170ef6_0_0,bIR215_L5_MC_cc2a170ef6_0_0.cell.nml,2,54,1512
dNAC222_L23_LBC_1b6313448d_0_0,dNAC222_L23_LBC_1b6313448d_0_0.cell.nml,2,72,1589
bAC217_L23_DBC_3f985b6ce2_0_0,bAC217_L23_DBC_3f985b6ce2_0_0.cell.nml,2,49,1087
cACint209_L23_BTC_c745595fbe_0_0,cACint209_L23_BTC_c745595fbe_0_0.cell.nml,2,63,3539
cACint209_L23_NBC_7e8781b0f2_0_0,cACint209_L23_NBC_7e8781b0f2_0_0.cell.nml,2,60,1626
cNAC187_L5_LBC_ebed230edd_0_0,cNAC187_L5_LBC_ebed230edd_0_0.cell.nml,2,30,612
cADpyr230_L4_PC_d3b8beb606_0_0,cADpyr230_L4_PC_d3b8beb606_0_0.cell.nml,2,56,1200
cADpyr230_L4_SS_a5ca6392b3_0_0,cADpyr230_L4_SS_a5ca6392b3_0_0.cell.nml,2,40,1089
dSTUT214_L5_NBC_4a41f068df_0_0,dSTUT214_L5_NBC_4a41f068df_0_0.cell.nml,2,57,3338
cSTUT189_L1_NGCDA_0112c85cf0_0_0,cSTUT189_L1_NGCDA_0112c85cf0_0_0.cell.nml,2,39,728
bNAC219_L4_NGC_c0136fa0a8_0_0,bNAC219_L4_NGC_c0136fa0a8_0_0.cell.nml,2,158,1464
dSTUT214_L23_BP_f03ecc7752_0_0,dSTUT214_L23_BP_f03ecc7752_0_0.cell.nml,2,12,196
bSTUT213_L6_MC_df869132b9_0_0,bSTUT213_L6_MC_df869132b9_0_0.cell.nml,2,164,2658
cADpyr231_L6_BPC_1ed55c8860_0_0,cADpyr231_L6_BPC_1ed55c8860_0_0.cell.nml,2,153,4951
bNAC219_L6_NGC_72634352c5_0_0,bNAC219_L6_NGC_72634352c5_0_0.cell.nml,2,118,1556
bAC217_L23_BTC_9ad0430657_0_0,bAC217_L23_BTC_9ad0430657_0_0.cell.nml,2,55,2039
bNAC219_L23_NBC_d27deeaf6a_0_0,bNAC219_L23_NBC_d27deeaf6a_0_0.cell.nml,2,58,860
cADpyr231_L6_UTPC_9d28264fcd_0_0,cADpyr231_L6_UTPC_9d28264fcd_0_0.cell.nml,2,71,3327
cACint209_L6_BP_a6fb2fe3a5_0_0,cACint209_L6_BP_a6fb2fe3a5_0_0.cell.nml,2,62,1002
cNAC187_L5_BP_3085e9694e_0_0,cNAC187_L5_BP_3085e9694e_0_0.cell.nml,2,62,1002
bIR215_L5_BP_6687408de7_0_0,bIR215_L5_BP_6687408de7_0_0.cell.nml,2,62,1002
cNAC187_L5_NGC_e39fbbf8e7_0_0,cNAC187_L5_NGC_e39fbbf8e7_0_0.cell.nml,2,118,1556
cNAC187_L5_BP_491c00476b_0_0,cNAC187_L5_BP_491c00476b_0_0.cell.nml,2,62,1002
bNAC219_L5_NGC_0a55b16adf_0_0,bNAC219_L5_NGC_0a55b16adf_0_0.cell.nml,2,118,1556
cADpyr230_L4_PC_2d5807a37b_0_0,cADpyr230_L4_PC_2d5807a37b_0_0.cell.nml,2,90,1445
cACint209_L6_SBC_63156a236c_0_0,cACint209_L6_SBC_63156a236c_0_0.cell.nml,2,57,2917
cACint209_L4_DBC_cd818dfadf_0_0,cACint209_L4_DBC_cd818dfadf_0_0.cell.nml,2,63,3001
TCRil,TCRil.cell.nml,6,72,158
bIR215_L5_BP_f920d1af2c_0_0,bIR215_L5_BP_f920d1af2c_0_0.cell.nml,2,62,1002
dNAC222_L4_ChC_7a1b7e3c70_0_0,dNAC222_L4_ChC_7a1b7e3c70_0_0.cell.nml,2,89,2464
cNAC187_L5_BTC_0a43e2f3e5_0_0,cNAC187_L5_BTC_0a43e2f3e5_0_0.cell.nml,2,43,677
bNAC219_L6_SBC_6c1acec83a_0_0,bNAC219_L6_SBC_6c1acec83a_0_0.cell.nml,2,54,952
bAC217_L4_MC_29457dde26_0_0,bAC217_L4_MC_29457dde26_0_0.cell.nml,2,65,4307
bSTUT213_L6_NBC_4b88b7a151_0_0,bSTUT213_L6_NBC_4b88b7a151_0_0.cell.nml,2,60,1155
cNAC187_L23_NBC_98c1faeec7_0_0,cNAC187_L23_NBC_98c1faeec7_0_0.cell.nml,2,53,772
bNAC219_L1_DAC_ec2fc5f0de_0_0,bNAC219_L1_DAC_ec2fc5f0de_0_0.cell.nml,2,78,2987
bNAC219_L4_SBC_140df1eca7_0_0,bNAC219_L4_SBC_140df1eca7_0_0.cell.nml,2,17,155
dNAC222_L5_LBC_93c04dc3d5_0_0,dNAC222_L5_LBC_93c04dc3d5_0_0.cell.nml,2,52,2388
bNAC219_L6_SBC_28362da21f_0_0,bNAC219_L6_SBC_28362da21f_0_0.cell.nml,2,44,1418
cIR216_L5_NBC_650c18e6aa_0_0,cIR216_L5_NBC_650c18e6aa_0_0.cell.nml,2,65,1037
cSTUT189_L5_NBC_031c89778f_0_0,cSTUT189_L5_NBC_031c89778f_0_0.cell.nml,2,60,1628
bNAC219_L1_SLAC_9f043bb71a_0_0,bNAC219_L1_SLAC_9f043bb71a_0_0.cell.nml,2,40,805
cNAC187_L1_NGCSA_eb27dd33ff_0_0,cNAC187_L1_NGCSA_eb27dd33ff_0_0.cell.nml,2,49,960
cNAC187_L23_NBC_9004ab9cec_0_0,cNAC187_L23_NBC_9004ab9cec_0_0.cell.nml,2,58,860
dNAC222_L23_NBC_df01e73cd3_0_0,dNAC222_L23_NBC_df01e73cd3_0_0.cell.nml,2,39,1393
bAC217_L6_BP_4617fbeed2_0_0,bAC217_L6_BP_4617fbeed2_0_0.cell.nml,2,62,1002
bIR215_L6_NBC_ce39e26284_0_0,bIR215_L6_NBC_ce39e26284_0_0.cell.nml,2,34,2058
bNAC219_L6_MC_d379cda689_0_0,bNAC219_L6_MC_d379cda689_0_0.cell.nml,2,95,1805
cIR216_L6_DBC_64c3ef1172_0_0,cIR216_L6_DBC_64c3ef1172_0_0.cell.nml,2,105,5852
bAC217_L4_DBC_78a99c338d_0_0,bAC217_L4_DBC_78a99c338d_0_0.cell.nml,2,62,1252
cACint209_L23_DBC_8060414f1a_0_0,cACint209_L23_DBC_8060414f1a_0_0.cell.nml,2,45,3984
bAC217_L5_BTC_3d68fea85d_0_0,bAC217_L5_BTC_3d68fea85d_0_0.cell.nml,2,133,1479
bSTUT213_L6_NBC_9c726011d7_0_0,bSTUT213_L6_NBC_9c726011d7_0_0.cell.nml,2,77,1828
cNAC187_L5_ChC_8901e742c7_0_0,cNAC187_L5_ChC_8901e742c7_0_0.cell.nml,2,99,1241
bNAC219_L1_NGCDA_3d9c976fde_0_0,bNAC219_L1_NGCDA_3d9c976fde_0_0.cell.nml,2,66,2223
cACint209_L1_SLAC_8c41d76d82_0_0,cACint209_L1_SLAC_8c41d76d82_0_0.cell.nml,2,73,1066
cIR216_L5_LBC_8ce13ea42d_0_0,cIR216_L5_LBC_8ce13ea42d_0_0.cell.nml,2,43,1102
bAC217_L5_DBC_e2f2301440_0_0,bAC217_L5_DBC_e2f2301440_0_0.cell.nml,2,105,5852
dNAC222_L4_ChC_9060a4c27e_0_0,dNAC222_L4_ChC_9060a4c27e_0_0.cell.nml,2,52,2948
cACint209_L23_ChC_9b21151736_0_0,cACint209_L23_ChC_9b21151736_0_0.cell.nml,2,88,1171
cACint209_L5_SBC_5318cbf0cb_0_0,cACint209_L5_SBC_5318cbf0cb_0_0.cell.nml,2,49,2117
bNAC219_L1_DAC_81e928d216_0_0,bNAC219_L1_DAC_81e928d216_0_0.cell.nml,2,65,1644
dNAC222_L23_ChC_4587365020_0_0,dNAC222_L23_ChC_4587365020_0_0.cell.nml,2,63,1114
cACint209_L4_MC_ba3c5063e4_0_0,cACint209_L4_MC_ba3c5063e4_0_0.cell.nml,2,63,1182
cSTUT189_L4_LBC_28153c03c4_0_0,cSTUT189_L4_LBC_28153c03c4_0_0.cell.nml,2,72,1770
bSTUT213_L4_DBC_23ffe29c8b_0_0,bSTUT213_L4_DBC_23ffe29c8b_0_0.cell.nml,2,62,1252
bNAC219_L23_MC_55e4a7c88f_0_0,bNAC219_L23_MC_55e4a7c88f_0_0.cell.nml,2,49,578
cSTUT189_L23_LBC_91044b50b3_0_0,cSTUT189_L23_LBC_91044b50b3_0_0.cell.nml,2,48,767
bNAC219_L4_DBC_45e771bde6_0_0,bNAC219_L4_DBC_45e771bde6_0_0.cell.nml,2,83,993
cIR216_L6_DBC_be42e7893c_0_0,cIR216_L6_DBC_be42e7893c_0_0.cell.nml,2,41,886
cADpyr231_L6_IPC_c56c0e0779_0_0,cADpyr231_L6_IPC_c56c0e0779_0_0.cell.nml,2,82,4508
bSTUT213_L4_BTC_8637afc75f_0_0,bSTUT213_L4_BTC_8637afc75f_0_0.cell.nml,2,49,1457
bAC217_L5_BTC_8807af3a2b_0_0,bAC217_L5_BTC_8807af3a2b_0_0.cell.nml,2,131,4067
cACint209_L6_BTC_c021ea90e3_0_0,cACint209_L6_BTC_c021ea90e3_0_0.cell.nml,2,69,2424
cNAC187_L23_NBC_1bb1c095e5_0_0,cNAC187_L23_NBC_1bb1c095e5_0_0.cell.nml,2,70,1380
cACint209_L23_BP_898fda8796_0_0,cACint209_L23_BP_898fda8796_0_0.cell.nml,2,12,196
cNAC187_L5_NGC_ea12cd3d1a_0_0,cNAC187_L5_NGC_ea12cd3d1a_0_0.cell.nml,2,118,1556
dSTUT214_L5_LBC_bf8ea1e366_0_0,dSTUT214_L5_LBC_bf8ea1e366_0_0.cell.nml,2,33,1885
cADpyr232_L5_TTPC2_c46a93702c_0_0,cADpyr232_L5_TTPC2_c46a93702c_0_0.cell.nml,2,189,5567
cACint209_L4_ChC_85076eeecc_0_0,cACint209_L4_ChC_85076eeecc_0_0.cell.nml,2,52,2948
cACint209_L23_ChC_34ad1ccef7_0_0,cACint209_L23_ChC_34ad1ccef7_0_0.cell.nml,2,88,1171
cACint209_L5_SBC_0e6ba49679_0_0,cACint209_L5_SBC_0e6ba49679_0_0.cell.nml,2,49,2117
cIR216_L4_NBC_724d9652d6_0_0,cIR216_L4_NBC_724d9652d6_0_0.cell.nml,2,67,1582
cADpyr230_L4_PC_f15e35e578_0_0,cADpyr230_L4_PC_f15e35e578_0_0.cell.nml,2,200,1786
cNAC187_L23_BTC_9deeb00a62_0_0,cNAC187_L23_BTC_9deeb00a62_0_0.cell.nml,2,42,953
cIR216_L5_DBC_30f853b5ca_0_0,cIR216_L5_DBC_30f853b5ca_0_0.cell.nml,2,105,5852
bAC217_L5_NBC_2db880c523_0_0,bAC217_L5_NBC_2db880c523_0_0.cell.nml,2,70,2000
bAC217_L5_MC_8a4a02932c_0_0,bAC217_L5_MC_8a4a02932c_0_0.cell.nml,2,81,1549
bAC217_L5_MC_bf2b2fbcbf_0_0,bAC217_L5_MC_bf2b2fbcbf_0_0.cell.nml,2,156,8243
bSTUT213_L5_DBC_44eae19442_0_0,bSTUT213_L5_DBC_44eae19442_0_0.cell.nml,2,60,861
bNAC219_L23_BTC_62b9f5e9f6_0_0,bNAC219_L23_BTC_62b9f5e9f6_0_0.cell.nml,2,42,953
cACint209_L4_NBC_3552e1f34a_0_0,cACint209_L4_NBC_3552e1f34a_0_0.cell.nml,2,43,891
dNAC222_L5_MC_9935c06ba6_0_0,dNAC222_L5_MC_9935c06ba6_0_0.cell.nml,2,54,1512
cIR216_L5_NBC_ded84149de_0_0,cIR216_L5_NBC_ded84149de_0_0.cell.nml,2,70,2000
bNAC219_L23_NBC_68416e1f93_0_0,bNAC219_L23_NBC_68416e1f93_0_0.cell.nml,2,54,814
bNAC219_L23_MC_b7a2c9d0ae_0_0,bNAC219_L23_MC_b7a2c9d0ae_0_0.cell.nml,2,74,967
cNAC187_L23_LBC_f39fa9100b_0_0,cNAC187_L23_LBC_f39fa9100b_0_0.cell.nml,2,46,484
bNAC219_L5_DBC_8be7b81168_0_0,bNAC219_L5_DBC_8be7b81168_0_0.cell.nml,2,105,5852
cADpyr231_L6_BPC_3406e7f0b2_0_0,cADpyr231_L6_BPC_3406e7f0b2_0_0.cell.nml,2,97,6233
cADpyr231_L6_TPC_L1_68efb03f39_0_0,cADpyr231_L6_TPC_L1_68efb03f39_0_0.cell.nml,2,94,7258
bNAC219_L1_HAC_f7023f0666_0_0,bNAC219_L1_HAC_f7023f0666_0_0.cell.nml,2,28,637
bSTUT213_L6_LBC_e36a750de6_0_0,bSTUT213_L6_LBC_e36a750de6_0_0.cell.nml,2,38,1741
dNAC222_L23_SBC_7b122f5ac9_0_0,dNAC222_L23_SBC_7b122f5ac9_0_0.cell.nml,2,106,3221
bIR215_L23_BTC_fcf6c1f59c_0_0,bIR215_L23_BTC_fcf6c1f59c_0_0.cell.nml,2,63,3539
bIR215_L23_BP_bfa0052ead_0_0,bIR215_L23_BP_bfa0052ead_0_0.cell.nml,2,12,196
bAC217_L4_BP_a0e639c5ea_0_0,bAC217_L4_BP_a0e639c5ea_0_0.cell.nml,2,13,254
cACint209_L6_BTC_2d87a29e8a_0_0,cACint209_L6_BTC_2d87a29e8a_0_0.cell.nml,2,69,2424
cACint209_L5_ChC_759d7f7dc1_0_0,cACint209_L5_ChC_759d7f7dc1_0_0.cell.nml,2,52,2948
cACint209_L4_DBC_78b422a17a_0_0,cACint209_L4_DBC_78b422a17a_0_0.cell.nml,2,83,993
bAC217_L5_NBC_913c40083e_0_0,bAC217_L5_NBC_913c40083e_0_0.cell.nml,2,65,1037
cNAC187_L4_NBC_900ac15b61_0_0,cNAC187_L4_NBC_900ac15b61_0_0.cell.nml,2,35,1029
bIR215_L6_LBC_d854e4228e_0_0,bIR215_L6_LBC_d854e4228e_0_0.cell.nml,2,20,662
cNAC187_L6_BTC_bc69dce0ae_0_0,cNAC187_L6_BTC_bc69dce0ae_0_0.cell.nml,2,69,2424
dSTUT214_L6_NBC_5d97f161ff_0_0,dSTUT214_L6_NBC_5d97f161ff_0_0.cell.nml,2,77,1828
cNAC187_L5_ChC_dfe3a6b301_0_0,cNAC187_L5_ChC_dfe3a6b301_0_0.cell.nml,2,89,2464
bIR215_L4_BTC_22df25e508_0_0,bIR215_L4_BTC_22df25e508_0_0.cell.nml,2,49,1457
cACint209_L6_SBC_48827298f3_0_0,cACint209_L6_SBC_48827298f3_0_0.cell.nml,2,54,952
bNAC219_L23_MC_31f333a601_0_0,bNAC219_L23_MC_31f333a601_0_0.cell.nml,2,68,2352
bAC217_L4_BP_d04c4872bd_0_0,bAC217_L4_BP_d04c4872bd_0_0.cell.nml,2,13,254
cNAC187_L1_NGCSA_51e1d4ecd6_0_0,cNAC187_L1_NGCSA_51e1d4ecd6_0_0.cell.nml,2,60,1173
bAC217_L6_NBC_3fc0dff69e_0_0,bAC217_L6_NBC_3fc0dff69e_0_0.cell.nml,2,63,2686
cACint209_L5_SBC_e8567af242_0_0,cACint209_L5_SBC_e8567af242_0_0.cell.nml,2,49,2117
cACint209_L5_BTC_7412fd9a84_0_0,cACint209_L5_BTC_7412fd9a84_0_0.cell.nml,2,131,4067
bNAC219_L6_MC_6c575906a7_0_0,bNAC219_L6_MC_6c575906a7_0_0.cell.nml,2,92,4947
cACint209_L23_NGC_ec67e9ba9b_0_0,cACint209_L23_NGC_ec67e9ba9b_0_0.cell.nml,2,117,1336
bNAC219_L23_MC_44b474bb8f_0_0,bNAC219_L23_MC_44b474bb8f_0_0.cell.nml,2,89,1252
cIR216_L1_HAC_cc210b8244_0_0,cIR216_L1_HAC_cc210b8244_0_0.cell.nml,2,44,1098
cACint209_L5_MC_575d31ccfd_0_0,cACint209_L5_MC_575d31ccfd_0_0.cell.nml,2,65,2640
bAC217_L6_NBC_656e1c0a2d_0_0,bAC217_L6_NBC_656e1c0a2d_0_0.cell.nml,2,58,1196
bAC217_L5_LBC_5fcaa92b0e_0_0,bAC217_L5_LBC_5fcaa92b0e_0_0.cell.nml,2,153,4888
cADpyr231_L6_BPC_05f7073f5f_0_0,cADpyr231_L6_BPC_05f7073f5f_0_0.cell.nml,2,115,2867
bNAC219_L4_BP_b88746aff4_0_0,bNAC219_L4_BP_b88746aff4_0_0.cell.nml,2,13,254
dNAC222_L5_SBC_513d1f1596_0_0,dNAC222_L5_SBC_513d1f1596_0_0.cell.nml,2,41,1074
bAC217_L6_BTC_c021ea90e3_0_0,bAC217_L6_BTC_c021ea90e3_0_0.cell.nml,2,69,2424
bNAC219_L23_SBC_6cab0b0a69_0_0,bNAC219_L23_SBC_6cab0b0a69_0_0.cell.nml,2,47,1003
bNAC219_L4_MC_ba3c5063e4_0_0,bNAC219_L4_MC_ba3c5063e4_0_0.cell.nml,2,63,1182
dNAC222_L23_SBC_0c85d8e325_0_0,dNAC222_L23_SBC_0c85d8e325_0_0.cell.nml,2,31,964
cSTUT189_L6_NGC_8e98a9c78c_0_0,cSTUT189_L6_NGC_8e98a9c78c_0_0.cell.nml,2,118,1556
bSTUT213_L5_DBC_ad487d347d_0_0,bSTUT213_L5_DBC_ad487d347d_0_0.cell.nml,2,60,861
bNAC219_L6_LBC_dbef3c6e51_0_0,bNAC219_L6_LBC_dbef3c6e51_0_0.cell.nml,2,44,3005
cIR216_L6_DBC_65305c1be2_0_0,cIR216_L6_DBC_65305c1be2_0_0.cell.nml,2,94,2685
bNAC219_L23_DBC_c9af6970b4_0_0,bNAC219_L23_DBC_c9af6970b4_0_0.cell.nml,2,45,3984
dNAC222_L23_NBC_46256e0cca_0_0,dNAC222_L23_NBC_46256e0cca_0_0.cell.nml,2,50,1560
cNAC187_L23_ChC_88b9ee8f5d_0_0,cNAC187_L23_ChC_88b9ee8f5d_0_0.cell.nml,2,63,1114
bNAC219_L5_SBC_f02100dc02_0_0,bNAC219_L5_SBC_f02100dc02_0_0.cell.nml,2,41,1074
cADpyr230_L4_PC_75e11d6cee_0_0,cADpyr230_L4_PC_75e11d6cee_0_0.cell.nml,2,76,1377
dNAC222_L23_ChC_9b0e709c9c_0_0,dNAC222_L23_ChC_9b0e709c9c_0_0.cell.nml,2,39,2560
cACint209_L5_MC_42542e071a_0_0,cACint209_L5_MC_42542e071a_0_0.cell.nml,2,138,2255
bNAC219_L23_DBC_8b03af6e83_0_0,bNAC219_L23_DBC_8b03af6e83_0_0.cell.nml,2,47,1011
cACint209_L5_NGC_9ee242e8ff_0_0,cACint209_L5_NGC_9ee242e8ff_0_0.cell.nml,2,118,1556
cACint209_L23_MC_31f333a601_0_0,cACint209_L23_MC_31f333a601_0_0.cell.nml,2,68,2352
cADpyr230_L4_SS_1afeb14f17_0_0,cADpyr230_L4_SS_1afeb14f17_0_0.cell.nml,2,77,1524
cNAC187_L4_NGC_cf97ea357c_0_0,cNAC187_L4_NGC_cf97ea357c_0_0.cell.nml,2,158,1464
cNAC187_L4_NGC_025b2126a1_0_0,cNAC187_L4_NGC_025b2126a1_0_0.cell.nml,2,117,1336
dSTUT214_L6_BP_b9592b27fd_0_0,dSTUT214_L6_BP_b9592b27fd_0_0.cell.nml,2,62,1002
bAC217_L5_BP_55bc20256d_0_0,bAC217_L5_BP_55bc20256d_0_0.cell.nml,2,62,1002
cNAC187_L5_DBC_893b78d08e_0_0,cNAC187_L5_DBC_893b78d08e_0_0.cell.nml,2,78,1797
bIR215_L5_DBC_08b1fddce5_0_0,bIR215_L5_DBC_08b1fddce5_0_0.cell.nml,2,105,5852
bSTUT213_L5_DBC_b475d0949a_0_0,bSTUT213_L5_DBC_b475d0949a_0_0.cell.nml,2,60,861
bAC217_L4_BTC_9f1127ad33_0_0,bAC217_L4_BTC_9f1127ad33_0_0.cell.nml,2,20,890
bNAC219_L6_SBC_6dbc1eb2b9_0_0,bNAC219_L6_SBC_6dbc1eb2b9_0_0.cell.nml,2,54,952
dNAC222_L6_SBC_846dc20ea0_0_0,dNAC222_L6_SBC_846dc20ea0_0_0.cell.nml,2,54,952
bSTUT213_L5_DBC_ec8ca02d79_0_0,bSTUT213_L5_DBC_ec8ca02d79_0_0.cell.nml,2,60,861
bIR215_L4_DBC_01d21bd888_0_0,bIR215_L4_DBC_01d21bd888_0_0.cell.nml,2,61,3419
cSTUT189_L6_NGC_ed011e4f05_0_0,cSTUT189_L6_NGC_ed011e4f05_0_0.cell.nml,2,118,1556
cACint209_L23_SBC_0869c1fd12_0_0,cACint209_L23_SBC_0869c1fd12_0_0.cell.nml,2,37,544
dNAC222_L4_BTC_5612242ada_0_0,dNAC222_L4_BTC_5612242ada_0_0.cell.nml,2,41,921
cNAC187_L5_NGC_a85710f771_0_0,cNAC187_L5_NGC_a85710f771_0_0.cell.nml,2,118,1556
cACint209_L1_NGCDA_79c9f5c53c_0_0,cACint209_L1_NGCDA_79c9f5c53c_0_0.cell.nml,2,106,2431
cADpyr232_L5_TTPC1_0fb1ca4724_0_0,cADpyr232_L5_TTPC1_0fb1ca4724_0_0.cell.nml,2,236,7913
cADpyr231_L6_TPC_L1_7fc2c927c9_0_0,cADpyr231_L6_TPC_L1_7fc2c927c9_0_0.cell.nml,2,96,4009
bNAC219_L6_NGC_91137e1b70_0_0,bNAC219_L6_NGC_91137e1b70_0_0.cell.nml,2,118,1556
bNAC219_L6_DBC_65305c1be2_0_0,bNAC219_L6_DBC_65305c1be2_0_0.cell.nml,2,94,2685
bIR215_L23_DBC_b0d0b3615e_0_0,bIR215_L23_DBC_b0d0b3615e_0_0.cell.nml,2,47,1011
cACint209_L6_NGC_913febfa36_0_0,cACint209_L6_NGC_913febfa36_0_0.cell.nml,2,118,1556
bAC217_L6_MC_df869132b9_0_0,bAC217_L6_MC_df869132b9_0_0.cell.nml,2,164,2658
cACint209_L6_ChC_9cc7bcef1d_0_0,cACint209_L6_ChC_9cc7bcef1d_0_0.cell.nml,2,99,1241
cIR216_L4_NBC_f53cc303cc_0_0,cIR216_L4_NBC_f53cc303cc_0_0.cell.nml,2,44,1269
bNAC219_L6_BP_bf9275d56a_0_0,bNAC219_L6_BP_bf9275d56a_0_0.cell.nml,2,62,1002
cNAC187_L1_DAC_8c45268d6a_0_0,cNAC187_L1_DAC_8c45268d6a_0_0.cell.nml,2,78,2987
cACint209_L4_MC_fa0d941a0b_0_0,cACint209_L4_MC_fa0d941a0b_0_0.cell.nml,2,164,4558
cNAC187_L6_BTC_459ef88946_0_0,cNAC187_L6_BTC_459ef88946_0_0.cell.nml,2,69,2424
bAC217_L4_BP_8c9cdc6683_0_0,bAC217_L4_BP_8c9cdc6683_0_0.cell.nml,2,13,254
dNAC222_L5_LBC_58bb1b2407_0_0,dNAC222_L5_LBC_58bb1b2407_0_0.cell.nml,2,30,612
bNAC219_L23_SBC_1361ded4e5_0_0,bNAC219_L23_SBC_1361ded4e5_0_0.cell.nml,2,37,544
bAC217_L23_DBC_d6bea44209_0_0,bAC217_L23_DBC_d6bea44209_0_0.cell.nml,2,45,3984
cACint209_L4_NGC_5c53c04d48_0_0,cACint209_L4_NGC_5c53c04d48_0_0.cell.nml,2,158,1464
cNAC187_L23_BTC_b7a569ac13_0_0,cNAC187_L23_BTC_b7a569ac13_0_0.cell.nml,2,55,2039
cACint209_L1_SLAC_9fb2ec760b_0_0,cACint209_L1_SLAC_9fb2ec760b_0_0.cell.nml,2,40,805
bAC217_L6_NBC_35ea10d24d_0_0,bAC217_L6_NBC_35ea10d24d_0_0.cell.nml,2,82,3054
bAC217_L23_LBC_4738b5c12c_0_0,bAC217_L23_LBC_4738b5c12c_0_0.cell.nml,2,29,927
bAC217_L6_MC_d379cda689_0_0,bAC217_L6_MC_d379cda689_0_0.cell.nml,2,95,1805
bIR215_L23_BTC_e051419629_0_0,bIR215_L23_BTC_e051419629_0_0.cell.nml,2,42,953
bIR215_L5_DBC_e2f2301440_0_0,bIR215_L5_DBC_e2f2301440_0_0.cell.nml,2,105,5852
cNAC187_L1_NGCDA_35e9de081b_0_0,cNAC187_L1_NGCDA_35e9de081b_0_0.cell.nml,2,47,1024
cACint209_L23_BTC_59062d6e7d_0_0,cACint209_L23_BTC_59062d6e7d_0_0.cell.nml,2,31,696
bIR215_L5_DBC_50ea904e54_0_0,bIR215_L5_DBC_50ea904e54_0_0.cell.nml,2,60,861
cIR216_L6_MC_8f96a2b924_0_0,cIR216_L6_MC_8f96a2b924_0_0.cell.nml,2,56,3463
cNAC187_L5_NBC_a91e150b71_0_0,cNAC187_L5_NBC_a91e150b71_0_0.cell.nml,2,57,3338
dNAC222_L4_SBC_799e027057_0_0,dNAC222_L4_SBC_799e027057_0_0.cell.nml,2,43,2440
bNAC219_L4_BP_ff2b6d7b3d_0_0,bNAC219_L4_BP_ff2b6d7b3d_0_0.cell.nml,2,13,254
cACint209_L23_NBC_f831ad7a1f_0_0,cACint209_L23_NBC_f831ad7a1f_0_0.cell.nml,2,70,1380
bSTUT213_L6_NBC_91e841ee63_0_0,bSTUT213_L6_NBC_91e841ee63_0_0.cell.nml,2,82,3054
cACint209_L23_ChC_87b9dd7336_0_0,cACint209_L23_ChC_87b9dd7336_0_0.cell.nml,2,63,1114
bNAC219_L4_BP_a436dc77d5_0_0,bNAC219_L4_BP_a436dc77d5_0_0.cell.nml,2,13,254
cSTUT189_L1_NGCDA_e1a52c74bf_0_0,cSTUT189_L1_NGCDA_e1a52c74bf_0_0.cell.nml,2,37,580
cACint209_L4_DBC_e8a6fe8924_0_0,cACint209_L4_DBC_e8a6fe8924_0_0.cell.nml,2,61,3419
cNAC187_L23_LBC_df15689e81_0_0,cNAC187_L23_LBC_df15689e81_0_0.cell.nml,2,43,1259
dSTUT214_L6_BP_c8c05ef109_0_0,dSTUT214_L6_BP_c8c05ef109_0_0.cell.nml,2,62,1002
cNAC187_L1_HAC_369e749269_0_0,cNAC187_L1_HAC_369e749269_0_0.cell.nml,2,31,860
dNAC222_L4_BTC_2d64e36d0b_0_0,dNAC222_L4_BTC_2d64e36d0b_0_0.cell.nml,2,49,1457
bNAC219_L5_BP_b022a66bd2_0_0,bNAC219_L5_BP_b022a66bd2_0_0.cell.nml,2,62,1002
bSTUT213_L5_NBC_e0eb22f024_0_0,bSTUT213_L5_NBC_e0eb22f024_0_0.cell.nml,2,68,2416
dSTUT214_L6_NBC_242af4db7d_0_0,dSTUT214_L6_NBC_242af4db7d_0_0.cell.nml,2,37,1189
dSTUT214_L6_NBC_1c98947546_0_0,dSTUT214_L6_NBC_1c98947546_0_0.cell.nml,2,69,2685
bNAC219_L23_NBC_01d2e3caa6_0_0,bNAC219_L23_NBC_01d2e3caa6_0_0.cell.nml,2,44,1554
cSTUT189_L1_NGCDA_3d9c976fde_0_0,cSTUT189_L1_NGCDA_3d9c976fde_0_0.cell.nml,2,66,2223
cADpyr231_L6_UTPC_186e8dd6aa_0_0,cADpyr231_L6_UTPC_186e8dd6aa_0_0.cell.nml,2,71,3339
cNAC187_L1_SLAC_9d4b6f19da_0_0,cNAC187_L1_SLAC_9d4b6f19da_0_0.cell.nml,2,59,1009
cACint209_L5_BTC_6ab22ae2e0_0_0,cACint209_L5_BTC_6ab22ae2e0_0_0.cell.nml,2,133,1479
dSTUT214_L4_LBC_23aa2e3048_0_0,dSTUT214_L4_LBC_23aa2e3048_0_0.cell.nml,2,51,2076
cNAC187_L5_DBC_8be7b81168_0_0,cNAC187_L5_DBC_8be7b81168_0_0.cell.nml,2,105,5852
cACint209_L4_MC_5fa0a62bd0_0_0,cACint209_L4_MC_5fa0a62bd0_0_0.cell.nml,2,65,4307
cIR216_L23_NBC_a489bc1d50_0_0,cIR216_L23_NBC_a489bc1d50_0_0.cell.nml,2,60,1626
cACint209_L23_BP_13d0a0f335_0_0,cACint209_L23_BP_13d0a0f335_0_0.cell.nml,2,12,196
cNAC187_L1_NGCDA_cef6c2b159_0_0,cNAC187_L1_NGCDA_cef6c2b159_0_0.cell.nml,2,30,311
bNAC219_L6_NGC_982f5b1a82_0_0,bNAC219_L6_NGC_982f5b1a82_0_0.cell.nml,2,118,1556
bNAC219_L5_NGC_6186b7e85e_0_0,bNAC219_L5_NGC_6186b7e85e_0_0.cell.nml,2,118,1556
bNAC219_L23_BP_e8c88c2686_0_0,bNAC219_L23_BP_e8c88c2686_0_0.cell.nml,2,12,196
bNAC219_L23_BP_f03ecc7752_0_0,bNAC219_L23_BP_f03ecc7752_0_0.cell.nml,2,12,196
cNAC187_L4_BP_ad80b53045_0_0,cNAC187_L4_BP_ad80b53045_0_0.cell.nml,2,13,254
bAC217_L4_DBC_ba1da59a9a_0_0,bAC217_L4_DBC_ba1da59a9a_0_0.cell.nml,2,61,3419
dSTUT214_L6_NBC_750f7ba17d_0_0,dSTUT214_L6_NBC_750f7ba17d_0_0.cell.nml,2,60,1155
cACint209_L5_NBC_63fe8b2e25_0_0,cACint209_L5_NBC_63fe8b2e25_0_0.cell.nml,2,70,2000
cNAC187_L6_DBC_8be7b81168_0_0,cNAC187_L6_DBC_8be7b81168_0_0.cell.nml,2,105,5852
bIR215_L5_DBC_7f0bb8efe9_0_0,bIR215_L5_DBC_7f0bb8efe9_0_0.cell.nml,2,76,4700
cACint209_L23_LBC_c6138544ab_0_0,cACint209_L23_LBC_c6138544ab_0_0.cell.nml,2,54,1126
cACint209_L5_DBC_e2f2301440_0_0,cACint209_L5_DBC_e2f2301440_0_0.cell.nml,2,105,5852
dSTUT214_L23_BP_ed3c32ad7e_0_0,dSTUT214_L23_BP_ed3c32ad7e_0_0.cell.nml,2,12,196
cACint209_L6_NBC_495063b057_0_0,cACint209_L6_NBC_495063b057_0_0.cell.nml,2,77,1828
cNAC187_L23_NBC_7f97b8e83f_0_0,cNAC187_L23_NBC_7f97b8e83f_0_0.cell.nml,2,54,814
cACint209_L23_NGC_5d66592f99_0_0,cACint209_L23_NGC_5d66592f99_0_0.cell.nml,2,117,1336
cADpyr229_L23_PC_863902f300_0_0,cADpyr229_L23_PC_863902f300_0_0.cell.nml,2,79,1770
bAC217_L4_BP_712c8549fc_0_0,bAC217_L4_BP_712c8549fc_0_0.cell.nml,2,13,254
bAC217_L6_BP_f61a000b31_0_0,bAC217_L6_BP_f61a000b31_0_0.cell.nml,2,62,1002
dNAC222_L4_NBC_4cad2587d3_0_0,dNAC222_L4_NBC_4cad2587d3_0_0.cell.nml,2,59,3007
dNAC222_L23_MC_55e4a7c88f_0_0,dNAC222_L23_MC_55e4a7c88f_0_0.cell.nml,2,49,578
cACint209_L23_MC_3303d0ff68_0_0,cACint209_L23_MC_3303d0ff68_0_0.cell.nml,2,71,991
cACint209_L5_SBC_61a753bff1_0_0,cACint209_L5_SBC_61a753bff1_0_0.cell.nml,2,41,1074
cADpyr232_L5_UTPC_d736225429_0_0,cADpyr232_L5_UTPC_d736225429_0_0.cell.nml,2,95,6332
cNAC187_L23_BTC_eb8366ca09_0_0,cNAC187_L23_BTC_eb8366ca09_0_0.cell.nml,2,63,3539
bAC217_L4_MC_5fa0a62bd0_0_0,bAC217_L4_MC_5fa0a62bd0_0_0.cell.nml,2,65,4307
bNAC219_L1_HAC_369e749269_0_0,bNAC219_L1_HAC_369e749269_0_0.cell.nml,2,31,860
bNAC219_L6_MC_5597e4d536_0_0,bNAC219_L6_MC_5597e4d536_0_0.cell.nml,2,35,1610
cNAC187_L1_DLAC_4822ddb519_0_0,cNAC187_L1_DLAC_4822ddb519_0_0.cell.nml,2,36,1221
cNAC187_L1_NGCSA_569d800dfe_0_0,cNAC187_L1_NGCSA_569d800dfe_0_0.cell.nml,2,55,1120
bAC217_L4_BTC_ee19c75ca3_0_0,bAC217_L4_BTC_ee19c75ca3_0_0.cell.nml,2,41,921
cADpyr231_L6_BPC_4e9a9465d3_0_0,cADpyr231_L6_BPC_4e9a9465d3_0_0.cell.nml,2,153,4966
cACint209_L5_BTC_a4bce5d682_0_0,cACint209_L5_BTC_a4bce5d682_0_0.cell.nml,2,135,5219
cNAC187_L5_NBC_d4cc42ae25_0_0,cNAC187_L5_NBC_d4cc42ae25_0_0.cell.nml,2,60,1628
cSTUT189_L5_NBC_42f781cf08_0_0,cSTUT189_L5_NBC_42f781cf08_0_0.cell.nml,2,63,1577
bAC217_L23_LBC_c5ee2b20c2_0_0,bAC217_L23_LBC_c5ee2b20c2_0_0.cell.nml,2,72,1589
bAC217_L5_NBC_a34c1bf418_0_0,bAC217_L5_NBC_a34c1bf418_0_0.cell.nml,2,68,2416
bAC217_L23_LBC_aebca8458d_0_0,bAC217_L23_LBC_aebca8458d_0_0.cell.nml,2,68,1140
cACint209_L23_BTC_3ac7d39218_0_0,cACint209_L23_BTC_3ac7d39218_0_0.cell.nml,2,41,643
cSTUT189_L6_NBC_b88c4c3f75_0_0,cSTUT189_L6_NBC_b88c4c3f75_0_0.cell.nml,2,58,1196
bIR215_L5_NBC_0871cd68c5_0_0,bIR215_L5_NBC_0871cd68c5_0_0.cell.nml,2,55,1828
dSTUT214_L5_LBC_82d782e650_0_0,dSTUT214_L5_LBC_82d782e650_0_0.cell.nml,2,101,2211
cIR216_L5_LBC_b2c5f59c1a_0_0,cIR216_L5_LBC_b2c5f59c1a_0_0.cell.nml,2,52,2388
cADpyr231_L6_IPC_5ada6448ea_0_0,cADpyr231_L6_IPC_5ada6448ea_0_0.cell.nml,2,45,3999
cADpyr229_L23_PC_c292d67a2e_0_0,cADpyr229_L23_PC_c292d67a2e_0_0.cell.nml,2,79,1753
bAC217_L5_MC_c135727743_0_0,bAC217_L5_MC_c135727743_0_0.cell.nml,2,65,2640
bAC217_L5_BP_a122f83294_0_0,bAC217_L5_BP_a122f83294_0_0.cell.nml,2,62,1002
cACint209_L5_MC_bf2b2fbcbf_0_0,cACint209_L5_MC_bf2b2fbcbf_0_0.cell.nml,2,156,8243
dNAC222_L4_NBC_695ce74c39_0_0,dNAC222_L4_NBC_695ce74c39_0_0.cell.nml,2,50,3733
bIR215_L23_DBC_8485afb4d4_0_0,bIR215_L23_DBC_8485afb4d4_0_0.cell.nml,2,49,1087
cNAC187_L1_DAC_1e259ec3b0_0_0,cNAC187_L1_DAC_1e259ec3b0_0_0.cell.nml,2,40,1121
cACint209_L5_BTC_0a7f6392e3_0_0,cACint209_L5_BTC_0a7f6392e3_0_0.cell.nml,2,109,2574
bIR215_L6_LBC_b4586f425b_0_0,bIR215_L6_LBC_b4586f425b_0_0.cell.nml,2,43,1214
dNAC222_L5_SBC_e37bc9bae0_0_0,dNAC222_L5_SBC_e37bc9bae0_0_0.cell.nml,2,41,1074
bIR215_L23_BP_f03ecc7752_0_0,bIR215_L23_BP_f03ecc7752_0_0.cell.nml,2,12,196
cACint209_L1_SLAC_76ffc1f69e_0_0,cACint209_L1_SLAC_76ffc1f69e_0_0.cell.nml,2,132,4737
cNAC187_L4_LBC_8e834c24cb_0_0,cNAC187_L4_LBC_8e834c24cb_0_0.cell.nml,2,67,1316
dSTUT214_L23_BP_90ce41b9ce_0_0,dSTUT214_L23_BP_90ce41b9ce_0_0.cell.nml,2,12,196
cADpyr231_L6_TPC_L1_44f2206f70_0_0,cADpyr231_L6_TPC_L1_44f2206f70_0_0.cell.nml,2,131,4814
cACint209_L6_MC_62cf39b45d_0_0,cACint209_L6_MC_62cf39b45d_0_0.cell.nml,2,83,4197
cSTUT189_L5_NGC_d5718b222e_0_0,cSTUT189_L5_NGC_d5718b222e_0_0.cell.nml,2,118,1556
cACint209_L6_ChC_6a369a07f4_0_0,cACint209_L6_ChC_6a369a07f4_0_0.cell.nml,2,57,2334
cACint209_L23_ChC_a7e068ee2e_0_0,cACint209_L23_ChC_a7e068ee2e_0_0.cell.nml,2,39,2560
cACint209_L1_NGCDA_f0e0c9b323_0_0,cACint209_L1_NGCDA_f0e0c9b323_0_0.cell.nml,2,165,4000
dNAC222_L5_SBC_64157b3c40_0_0,dNAC222_L5_SBC_64157b3c40_0_0.cell.nml,2,49,2117
cNAC187_L4_NBC_bfc793de90_0_0,cNAC187_L4_NBC_bfc793de90_0_0.cell.nml,2,43,891
bAC217_L6_BP_11e76689bf_0_0,bAC217_L6_BP_11e76689bf_0_0.cell.nml,2,62,1002
nRT,nRT.cell.nml,6,52,118
cACint209_L4_LBC_db543bcdea_0_0,cACint209_L4_LBC_db543bcdea_0_0.cell.nml,2,72,1505
cNAC187_L6_NGC_b77f2e2b21_0_0,cNAC187_L6_NGC_b77f2e2b21_0_0.cell.nml,2,118,1556
cACint209_L6_NBC_780c5f5ae3_0_0,cACint209_L6_NBC_780c5f5ae3_0_0.cell.nml,2,60,1155
cNAC187_L4_ChC_56a32cfcf2_0_0,cNAC187_L4_ChC_56a32cfcf2_0_0.cell.nml,2,52,2948
cACint209_L5_DBC_5f1980557e_0_0,cACint209_L5_DBC_5f1980557e_0_0.cell.nml,2,76,4700
cNAC187_L23_BP_911ebd8254_0_0,cNAC187_L23_BP_911ebd8254_0_0.cell.nml,2,12,196
bAC217_L6_BTC_459ef88946_0_0,bAC217_L6_BTC_459ef88946_0_0.cell.nml,2,69,2424
cNAC187_L4_BTC_ff1cebdea2_0_0,cNAC187_L4_BTC_ff1cebdea2_0_0.cell.nml,2,49,1457
dSTUT214_L4_LBC_aecec7aee9_0_0,dSTUT214_L4_LBC_aecec7aee9_0_0.cell.nml,2,44,977
cNAC187_L1_DLAC_d80e9f2875_0_0,cNAC187_L1_DLAC_d80e9f2875_0_0.cell.nml,2,52,1403
bSTUT213_L6_LBC_9961376dfe_0_0,bSTUT213_L6_LBC_9961376dfe_0_0.cell.nml,2,77,1903
dNAC222_L23_MC_b7a2c9d0ae_0_0,dNAC222_L23_MC_b7a2c9d0ae_0_0.cell.nml,2,74,967
cSTUT189_L6_NGC_a138b95b10_0_0,cSTUT189_L6_NGC_a138b95b10_0_0.cell.nml,2,118,1556
cNAC187_L4_BP_2a2ec4bfaa_0_0,cNAC187_L4_BP_2a2ec4bfaa_0_0.cell.nml,2,13,254
cNAC187_L23_LBC_d031f0be22_0_0,cNAC187_L23_LBC_d031f0be22_0_0.cell.nml,2,48,767
cACint209_L23_BTC_acb33d4029_0_0,cACint209_L23_BTC_acb33d4029_0_0.cell.nml,2,80,1097
cADpyr231_L6_IPC_c95b8bde99_0_0,cADpyr231_L6_IPC_c95b8bde99_0_0.cell.nml,2,95,4410
cACint209_L23_ChC_cfcfe12e37_0_0,cACint209_L23_ChC_cfcfe12e37_0_0.cell.nml,2,88,1171
cADpyr230_L4_SP_c3f779f565_0_0,cADpyr230_L4_SP_c3f779f565_0_0.cell.nml,2,67,1194
cADpyr231_L6_IPC_8d0f3a7d2e_0_0,cADpyr231_L6_IPC_8d0f3a7d2e_0_0.cell.nml,2,82,4504
cACint209_L6_BTC_045fb87685_0_0,cACint209_L6_BTC_045fb87685_0_0.cell.nml,2,69,2424
cACint209_L23_NBC_2f018ce735_0_0,cACint209_L23_NBC_2f018ce735_0_0.cell.nml,2,52,899
cACint209_L5_BP_46b07f0520_0_0,cACint209_L5_BP_46b07f0520_0_0.cell.nml,2,62,1002
cACint209_L4_LBC_baa757490e_0_0,cACint209_L4_LBC_baa757490e_0_0.cell.nml,2,62,1400
cNAC187_L4_MC_29457dde26_0_0,cNAC187_L4_MC_29457dde26_0_0.cell.nml,2,65,4307
bAC217_L4_MC_3110386c07_0_0,bAC217_L4_MC_3110386c07_0_0.cell.nml,2,77,1376
cSTUT189_L5_NBC_adc0ce53be_0_0,cSTUT189_L5_NBC_adc0ce53be_0_0.cell.nml,2,70,2000
bAC217_L23_BP_4652c9a7e1_0_0,bAC217_L23_BP_4652c9a7e1_0_0.cell.nml,2,12,196
cNAC187_L6_LBC_7fd94465af_0_0,cNAC187_L6_LBC_7fd94465af_0_0.cell.nml,2,63,1486
cACint209_L23_NGC_90d34530b4_0_0,cACint209_L23_NGC_90d34530b4_0_0.cell.nml,2,158,1464
bIR215_L4_BP_7d938499d8_0_0,bIR215_L4_BP_7d938499d8_0_0.cell.nml,2,13,254
cNAC187_L1_HAC_f8c9772d9d_0_0,cNAC187_L1_HAC_f8c9772d9d_0_0.cell.nml,2,43,1773
bIR215_L6_DBC_84d9723b18_0_0,bIR215_L6_DBC_84d9723b18_0_0.cell.nml,2,44,2370
cACint209_L5_ChC_c38923facb_0_0,cACint209_L5_ChC_c38923facb_0_0.cell.nml,2,52,2948
cACint209_L4_BP_c99c259f39_0_0,cACint209_L4_BP_c99c259f39_0_0.cell.nml,2,13,254
bIR215_L23_BTC_a8491dac1c_0_0,bIR215_L23_BTC_a8491dac1c_0_0.cell.nml,2,89,919
cADpyr231_L6_IPC_80ec904753_0_0,cADpyr231_L6_IPC_80ec904753_0_0.cell.nml,2,95,4421
bAC217_L6_DBC_4fe83bdbb1_0_0,bAC217_L6_DBC_4fe83bdbb1_0_0.cell.nml,2,105,5852
bAC217_L23_NBC_dc5e34b933_0_0,bAC217_L23_NBC_dc5e34b933_0_0.cell.nml,2,50,1560
bNAC219_L6_SBC_d20c9b88b4_0_0,bNAC219_L6_SBC_d20c9b88b4_0_0.cell.nml,2,57,2917
cACint209_L5_BTC_41f7db5b85_0_0,cACint209_L5_BTC_41f7db5b85_0_0.cell.nml,2,43,677
cNAC187_L4_LBC_990b7ac7df_0_0,cNAC187_L4_LBC_990b7ac7df_0_0.cell.nml,2,72,977
cACint209_L4_DBC_a7aa7154d8_0_0,cACint209_L4_DBC_a7aa7154d8_0_0.cell.nml,2,62,1252
dSTUT214_L4_BP_a62582b74c_0_0,dSTUT214_L4_BP_a62582b74c_0_0.cell.nml,2,13,254
cNAC187_L4_NGC_226ca78646_0_0,cNAC187_L4_NGC_226ca78646_0_0.cell.nml,2,117,1336
cNAC187_L6_ChC_a3c657441e_0_0,cNAC187_L6_ChC_a3c657441e_0_0.cell.nml,2,99,1241
dNAC222_L6_ChC_dfe3a6b301_0_0,dNAC222_L6_ChC_dfe3a6b301_0_0.cell.nml,2,89,2464
bNAC219_L4_SBC_a69bd53bb1_0_0,bNAC219_L4_SBC_a69bd53bb1_0_0.cell.nml,2,67,2160
bAC217_L6_DBC_2005a958c4_0_0,bAC217_L6_DBC_2005a958c4_0_0.cell.nml,2,44,2370
bAC217_L6_DBC_3c23ead0b4_0_0,bAC217_L6_DBC_3c23ead0b4_0_0.cell.nml,2,78,1797
bNAC219_L6_MC_62cf39b45d_0_0,bNAC219_L6_MC_62cf39b45d_0_0.cell.nml,2,83,4197
cNAC187_L23_NGC_2477403bcb_0_0,cNAC187_L23_NGC_2477403bcb_0_0.cell.nml,2,117,1336
dNAC222_L4_MC_2eb83e1eed_0_0,dNAC222_L4_MC_2eb83e1eed_0_0.cell.nml,2,74,1863
cSTUT189_L4_NGC_5ab1c21d20_0_0,cSTUT189_L4_NGC_5ab1c21d20_0_0.cell.nml,2,117,1336
bNAC219_L5_DBC_ec8ca02d79_0_0,bNAC219_L5_DBC_ec8ca02d79_0_0.cell.nml,2,60,861
bNAC219_L5_SBC_30bda13a76_0_0,bNAC219_L5_SBC_30bda13a76_0_0.cell.nml,2,41,1074
cACint209_L5_ChC_ab30296908_0_0,cACint209_L5_ChC_ab30296908_0_0.cell.nml,2,52,2948
bNAC219_L6_SBC_fb9380858b_0_0,bNAC219_L6_SBC_fb9380858b_0_0.cell.nml,2,19,977
bAC217_L6_BTC_0aac470ea8_0_0,bAC217_L6_BTC_0aac470ea8_0_0.cell.nml,2,69,2424
cSTUT189_L23_LBC_1fb6d0ce77_0_0,cSTUT189_L23_LBC_1fb6d0ce77_0_0.cell.nml,2,47,2782
cSTUT189_L5_NBC_cb87ec754a_0_0,cSTUT189_L5_NBC_cb87ec754a_0_0.cell.nml,2,57,3338
bAC217_L23_NBC_421c200e4e_0_0,bAC217_L23_NBC_421c200e4e_0_0.cell.nml,2,60,1626
cNAC187_L23_NGC_d79ffc246d_0_0,cNAC187_L23_NGC_d79ffc246d_0_0.cell.nml,2,117,1336
cADpyr231_L6_UTPC_295f0e6025_0_0,cADpyr231_L6_UTPC_295f0e6025_0_0.cell.nml,2,84,7246
bNAC219_L1_SLAC_bb26216f9f_0_0,bNAC219_L1_SLAC_bb26216f9f_0_0.cell.nml,2,70,820
cADpyr231_L6_BPC_2f96fbbd13_0_0,cADpyr231_L6_BPC_2f96fbbd13_0_0.cell.nml,2,115,2868
cACint209_L23_MC_55e4a7c88f_0_0,cACint209_L23_MC_55e4a7c88f_0_0.cell.nml,2,49,578
bIR215_L6_DBC_a60ab35166_0_0,bIR215_L6_DBC_a60ab35166_0_0.cell.nml,2,105,5852
cIR216_L5_LBC_c5448109e7_0_0,cIR216_L5_LBC_c5448109e7_0_0.cell.nml,2,30,612
cACint209_L4_NBC_2eca058e75_0_0,cACint209_L4_NBC_2eca058e75_0_0.cell.nml,2,35,1029
cNAC187_L23_MC_4a274f4915_0_0,cNAC187_L23_MC_4a274f4915_0_0.cell.nml,2,135,1473
cACint209_L5_MC_fdc7bd1d07_0_0,cACint209_L5_MC_fdc7bd1d07_0_0.cell.nml,2,25,748
cNAC187_L4_MC_2eb83e1eed_0_0,cNAC187_L4_MC_2eb83e1eed_0_0.cell.nml,2,74,1863
bNAC219_L1_SLAC_8a5944f8ac_0_0,bNAC219_L1_SLAC_8a5944f8ac_0_0.cell.nml,2,21,312
cACint209_L23_DBC_4114c4c36c_0_0,cACint209_L23_DBC_4114c4c36c_0_0.cell.nml,2,61,1071
cNAC187_L23_MC_2c0a7badf4_0_0,cNAC187_L23_MC_2c0a7badf4_0_0.cell.nml,2,38,767
bNAC219_L5_DBC_0271760b42_0_0,bNAC219_L5_DBC_0271760b42_0_0.cell.nml,2,76,4700
cIR216_L5_LBC_34458d6725_0_0,cIR216_L5_LBC_34458d6725_0_0.cell.nml,2,153,4888
bNAC219_L1_NGCDA_095997ce92_0_0,bNAC219_L1_NGCDA_095997ce92_0_0.cell.nml,2,57,364
cACint209_L23_BP_e106330a2e_0_0,cACint209_L23_BP_e106330a2e_0_0.cell.nml,2,12,196
dNAC222_L23_LBC_19cea46eb3_0_0,dNAC222_L23_LBC_19cea46eb3_0_0.cell.nml,2,47,2782
cSTUT189_L5_MC_cc2a170ef6_0_0,cSTUT189_L5_MC_cc2a170ef6_0_0.cell.nml,2,54,1512
cSTUT189_L23_LBC_222e20da8f_0_0,cSTUT189_L23_LBC_222e20da8f_0_0.cell.nml,2,46,484
cNAC187_L6_BP_46b0f41def_0_0,cNAC187_L6_BP_46b0f41def_0_0.cell.nml,2,62,1002
cACint209_L5_DBC_74050baf6d_0_0,cACint209_L5_DBC_74050baf6d_0_0.cell.nml,2,60,861
cIR216_L6_MC_a405be0ec4_0_0,cIR216_L6_MC_a405be0ec4_0_0.cell.nml,2,56,3463
bNAC219_L5_BP_aae4b53a29_0_0,bNAC219_L5_BP_aae4b53a29_0_0.cell.nml,2,62,1002
cSTUT189_L5_MC_575d31ccfd_0_0,cSTUT189_L5_MC_575d31ccfd_0_0.cell.nml,2,65,2640
bIR215_L6_NBC_a104961d30_0_0,bIR215_L6_NBC_a104961d30_0_0.cell.nml,2,58,1196
cNAC187_L4_NGC_d376f2b459_0_0,cNAC187_L4_NGC_d376f2b459_0_0.cell.nml,2,117,1336
cACint209_L4_BTC_04273604d2_0_0,cACint209_L4_BTC_04273604d2_0_0.cell.nml,2,49,1457
bAC217_L6_BTC_bc69dce0ae_0_0,bAC217_L6_BTC_bc69dce0ae_0_0.cell.nml,2,69,2424
cNAC187_L6_NBC_81f6eae6fc_0_0,cNAC187_L6_NBC_81f6eae6fc_0_0.cell.nml,2,77,1828
cNAC187_L6_ChC_b51988187a_0_0,cNAC187_L6_ChC_b51988187a_0_0.cell.nml,2,52,2948
cNAC187_L1_DAC_2e9c9967f8_0_0,cNAC187_L1_DAC_2e9c9967f8_0_0.cell.nml,2,27,1022
bIR215_L5_MC_8a4a02932c_0_0,bIR215_L5_MC_8a4a02932c_0_0.cell.nml,2,81,1549
cIR216_L6_MC_e8d04feaa6_0_0,cIR216_L6_MC_e8d04feaa6_0_0.cell.nml,2,135,3853
bAC217_L23_LBC_361cffb4c6_0_0,bAC217_L23_LBC_361cffb4c6_0_0.cell.nml,2,54,1126
cADpyr232_L5_TTPC2_a467781f53_0_0,cADpyr232_L5_TTPC2_a467781f53_0_0.cell.nml,2,189,5579
bSTUT213_L6_NBC_1873e25157_0_0,bSTUT213_L6_NBC_1873e25157_0_0.cell.nml,2,37,1189
bIR215_L6_LBC_f0665c9d1a_0_0,bIR215_L6_LBC_f0665c9d1a_0_0.cell.nml,2,41,942
cADpyr231_L6_UTPC_15731e5081_0_0,cADpyr231_L6_UTPC_15731e5081_0_0.cell.nml,2,84,7247
bIR215_L4_DBC_78a99c338d_0_0,bIR215_L4_DBC_78a99c338d_0_0.cell.nml,2,62,1252
bAC217_L6_LBC_a08d7d7c5e_0_0,bAC217_L6_LBC_a08d7d7c5e_0_0.cell.nml,2,43,1214
dNAC222_L5_MC_7eeb7cff0f_0_0,dNAC222_L5_MC_7eeb7cff0f_0_0.cell.nml,2,138,2255
cIR216_L5_DBC_d8e0abdc7c_0_0,cIR216_L5_DBC_d8e0abdc7c_0_0.cell.nml,2,60,861
cNAC187_L1_SLAC_16735ed026_0_0,cNAC187_L1_SLAC_16735ed026_0_0.cell.nml,2,32,1781
bNAC219_L23_BTC_08c8d4004b_0_0,bNAC219_L23_BTC_08c8d4004b_0_0.cell.nml,2,55,2039
dSTUT214_L5_NBC_3a23cf60a6_0_0,dSTUT214_L5_NBC_3a23cf60a6_0_0.cell.nml,2,70,2000
bNAC219_L23_BTC_f83ba90238_0_0,bNAC219_L23_BTC_f83ba90238_0_0.cell.nml,2,31,696
bNAC219_L6_LBC_9f176c343a_0_0,bNAC219_L6_LBC_9f176c343a_0_0.cell.nml,2,48,1774
cIR216_L1_HAC_a67a175a7c_0_0,cIR216_L1_HAC_a67a175a7c_0_0.cell.nml,2,90,3046
cIR216_L6_NBC_38e0d4fd81_0_0,cIR216_L6_NBC_38e0d4fd81_0_0.cell.nml,2,82,3054
cSTUT189_L6_LBC_6e6465f06a_0_0,cSTUT189_L6_LBC_6e6465f06a_0_0.cell.nml,2,77,1903
cACint209_L5_LBC_09c47b4905_0_0,cACint209_L5_LBC_09c47b4905_0_0.cell.nml,2,153,4888
cIR216_L23_NBC_2ee5947bbf_0_0,cIR216_L23_NBC_2ee5947bbf_0_0.cell.nml,2,50,1560
bSTUT213_L5_MC_162814b80d_0_0,bSTUT213_L5_MC_162814b80d_0_0.cell.nml,2,84,1903
bIR215_L5_BP_15aa299646_0_0,bIR215_L5_BP_15aa299646_0_0.cell.nml,2,62,1002
bSTUT213_L5_NBC_bb8fc44e15_0_0,bSTUT213_L5_NBC_bb8fc44e15_0_0.cell.nml,2,70,2000
cADpyr232_L5_TTPC1_fc944c2cf3_0_0,cADpyr232_L5_TTPC1_fc944c2cf3_0_0.cell.nml,2,236,7884
cACint209_L5_BP_94d2820eba_0_0,cACint209_L5_BP_94d2820eba_0_0.cell.nml,2,62,1002
bAC217_L23_BTC_e5d9eb2ec3_0_0,bAC217_L23_BTC_e5d9eb2ec3_0_0.cell.nml,2,42,953
cIR216_L1_HAC_edfad4a560_0_0,cIR216_L1_HAC_edfad4a560_0_0.cell.nml,2,39,1485
cIR216_L6_NBC_e6f3e8d1f4_0_0,cIR216_L6_NBC_e6f3e8d1f4_0_0.cell.nml,2,37,1189
cNAC187_L6_ChC_44806c5355_0_0,cNAC187_L6_ChC_44806c5355_0_0.cell.nml,2,57,2334
bNAC219_L1_NGCDA_e7cec642c3_0_0,bNAC219_L1_NGCDA_e7cec642c3_0_0.cell.nml,2,37,580
cACint209_L4_BP_ff2b6d7b3d_0_0,cACint209_L4_BP_ff2b6d7b3d_0_0.cell.nml,2,13,254
cNAC187_L6_DBC_166d3f579a_0_0,cNAC187_L6_DBC_166d3f579a_0_0.cell.nml,2,76,4700
cIR216_L4_NBC_7eb58fa61e_0_0,cIR216_L4_NBC_7eb58fa61e_0_0.cell.nml,2,47,1114
cACint209_L5_LBC_e7a596714b_0_0,cACint209_L5_LBC_e7a596714b_0_0.cell.nml,2,110,2903
cADpyr230_L4_SP_274e5a90fb_0_0,cADpyr230_L4_SP_274e5a90fb_0_0.cell.nml,2,67,1191
dNAC222_L4_BTC_627d6addbc_0_0,dNAC222_L4_BTC_627d6addbc_0_0.cell.nml,2,20,890
cACint209_L6_DBC_42ed26968e_0_0,cACint209_L6_DBC_42ed26968e_0_0.cell.nml,2,105,5852
cADpyr229_L23_PC_5ecbf9b163_0_0,cADpyr229_L23_PC_5ecbf9b163_0_0.cell.nml,2,89,1148
bNAC219_L1_DAC_a9ae5cbbf5_0_0,bNAC219_L1_DAC_a9ae5cbbf5_0_0.cell.nml,2,44,920
cSTUT189_L23_LBC_e6e8f83407_0_0,cSTUT189_L23_LBC_e6e8f83407_0_0.cell.nml,2,43,1259
dSTUT214_L23_BP_5f35d83447_0_0,dSTUT214_L23_BP_5f35d83447_0_0.cell.nml,2,12,196
cACint209_L23_BP_ca85cefc69_0_0,cACint209_L23_BP_ca85cefc69_0_0.cell.nml,2,12,196
dSTUT214_L4_LBC_057a5b90cc_0_0,dSTUT214_L4_LBC_057a5b90cc_0_0.cell.nml,2,61,1091
cNAC187_L23_BTC_9902cd4960_0_0,cNAC187_L23_BTC_9902cd4960_0_0.cell.nml,2,91,1160
bAC217_L5_DBC_e731906688_0_0,bAC217_L5_DBC_e731906688_0_0.cell.nml,2,60,861
dNAC222_L23_SBC_cf92e1b802_0_0,dNAC222_L23_SBC_cf92e1b802_0_0.cell.nml,2,20,359
cNAC187_L1_NGCDA_9c428321ae_0_0,cNAC187_L1_NGCDA_9c428321ae_0_0.cell.nml,2,43,880
cADpyr231_L6_TPC_L4_117b9dfb71_0_0,cADpyr231_L6_TPC_L4_117b9dfb71_0_0.cell.nml,2,79,6412
cNAC187_L6_MC_8f46a0ad62_0_0,cNAC187_L6_MC_8f46a0ad62_0_0.cell.nml,2,91,2830
dNAC222_L5_MC_bf2b2fbcbf_0_0,dNAC222_L5_MC_bf2b2fbcbf_0_0.cell.nml,2,156,8243
cACint209_L23_SBC_7b122f5ac9_0_0,cACint209_L23_SBC_7b122f5ac9_0_0.cell.nml,2,106,3221
dSTUT214_L4_BP_af68a93e57_0_0,dSTUT214_L4_BP_af68a93e57_0_0.cell.nml,2,13,254
bAC217_L5_BTC_160272643a_0_0,bAC217_L5_BTC_160272643a_0_0.cell.nml,2,43,677
bIR215_L6_LBC_ef1920e6b8_0_0,bIR215_L6_LBC_ef1920e6b8_0_0.cell.nml,2,64,2217
cACint209_L23_BTC_4f730ef7d0_0_0,cACint209_L23_BTC_4f730ef7d0_0_0.cell.nml,2,42,953
dNAC222_L5_ChC_13b6218d56_0_0,dNAC222_L5_ChC_13b6218d56_0_0.cell.nml,2,89,2464
cACint209_L6_DBC_e432520e46_0_0,cACint209_L6_DBC_e432520e46_0_0.cell.nml,2,44,2370
cADpyr230_L4_SS_9e49de205b_0_0,cADpyr230_L4_SS_9e49de205b_0_0.cell.nml,2,77,1524
cNAC187_L23_BP_84f37d935d_0_0,cNAC187_L23_BP_84f37d935d_0_0.cell.nml,2,12,196
dNAC222_L6_SBC_194972ee43_0_0,dNAC222_L6_SBC_194972ee43_0_0.cell.nml,2,57,2917
bIR215_L4_BP_7f9877b937_0_0,bIR215_L4_BP_7f9877b937_0_0.cell.nml,2,13,254
cNAC187_L23_NGC_e831b433a9_0_0,cNAC187_L23_NGC_e831b433a9_0_0.cell.nml,2,158,1464
cACint209_L5_MC_cc2a170ef6_0_0,cACint209_L5_MC_cc2a170ef6_0_0.cell.nml,2,54,1512
cACint209_L6_NGC_48dc33e388_0_0,cACint209_L6_NGC_48dc33e388_0_0.cell.nml,2,118,1556
bIR215_L4_BP_a8b6abe396_0_0,bIR215_L4_BP_a8b6abe396_0_0.cell.nml,2,13,254
bAC217_L6_LBC_2571ecba02_0_0,bAC217_L6_LBC_2571ecba02_0_0.cell.nml,2,80,4178
cNAC187_L1_NGCDA_c1b837d894_0_0,cNAC187_L1_NGCDA_c1b837d894_0_0.cell.nml,2,39,728
dNAC222_L6_ChC_feef7b2013_0_0,dNAC222_L6_ChC_feef7b2013_0_0.cell.nml,2,57,2334
cNAC187_L5_DBC_d8e0abdc7c_0_0,cNAC187_L5_DBC_d8e0abdc7c_0_0.cell.nml,2,60,861
bIR215_L6_NBC_8c6aecf604_0_0,bIR215_L6_NBC_8c6aecf604_0_0.cell.nml,2,82,3054
cACint209_L23_DBC_2907e308d8_0_0,cACint209_L23_DBC_2907e308d8_0_0.cell.nml,2,38,1316
dNAC222_L23_ChC_97f4d271eb_0_0,dNAC222_L23_ChC_97f4d271eb_0_0.cell.nml,2,63,1114
dNAC222_L23_LBC_df15689e81_0_0,dNAC222_L23_LBC_df15689e81_0_0.cell.nml,2,43,1259
dNAC222_L4_ChC_9b41babcdb_0_0,dNAC222_L4_ChC_9b41babcdb_0_0.cell.nml,2,52,2948
cIR216_L4_DBC_972df9520e_0_0,cIR216_L4_DBC_972df9520e_0_0.cell.nml,2,62,1252
bIR215_L5_MC_7eeb7cff0f_0_0,bIR215_L5_MC_7eeb7cff0f_0_0.cell.nml,2,138,2255
bAC217_L4_MC_2eb83e1eed_0_0,bAC217_L4_MC_2eb83e1eed_0_0.cell.nml,2,74,1863
cIR216_L4_DBC_8e5844bb23_0_0,cIR216_L4_DBC_8e5844bb23_0_0.cell.nml,2,83,993
cNAC187_L5_MC_575d31ccfd_0_0,cNAC187_L5_MC_575d31ccfd_0_0.cell.nml,2,65,2640
cSTUT189_L4_LBC_fe3c0498a4_0_0,cSTUT189_L4_LBC_fe3c0498a4_0_0.cell.nml,2,61,1091
cNAC187_L4_LBC_0226c205f1_0_0,cNAC187_L4_LBC_0226c205f1_0_0.cell.nml,2,34,1209
cNAC187_L1_NGCSA_96296dfc3f_0_0,cNAC187_L1_NGCSA_96296dfc3f_0_0.cell.nml,2,36,422
cSTUT189_L4_LBC_2a3578f975_0_0,cSTUT189_L4_LBC_2a3578f975_0_0.cell.nml,2,51,2076
cNAC187_L1_DAC_81e928d216_0_0,cNAC187_L1_DAC_81e928d216_0_0.cell.nml,2,65,1644
cNAC187_L6_MC_5597e4d536_0_0,cNAC187_L6_MC_5597e4d536_0_0.cell.nml,2,35,1610
dNAC222_L5_ChC_6493f67bad_0_0,dNAC222_L5_ChC_6493f67bad_0_0.cell.nml,2,52,2948
cSTUT189_L4_NGC_ec67e9ba9b_0_0,cSTUT189_L4_NGC_ec67e9ba9b_0_0.cell.nml,2,117,1336
cNAC187_L6_BP_41b33b48e3_0_0,cNAC187_L6_BP_41b33b48e3_0_0.cell.nml,2,62,1002
bIR215_L6_DBC_53b6888784_0_0,bIR215_L6_DBC_53b6888784_0_0.cell.nml,2,94,2685
cADpyr232_L5_UTPC_da1143b075_0_0,cADpyr232_L5_UTPC_da1143b075_0_0.cell.nml,2,122,6494
bNAC219_L5_DBC_0024418c1a_0_0,bNAC219_L5_DBC_0024418c1a_0_0.cell.nml,2,60,861
bAC217_L6_BTC_9e335e53f6_0_0,bAC217_L6_BTC_9e335e53f6_0_0.cell.nml,2,69,2424
bNAC219_L23_NGC_1c20d72451_0_0,bNAC219_L23_NGC_1c20d72451_0_0.cell.nml,2,117,1336
cSTUT189_L5_LBC_29803173bd_0_0,cSTUT189_L5_LBC_29803173bd_0_0.cell.nml,2,30,612
bSTUT213_L5_DBC_b770304226_0_0,bSTUT213_L5_DBC_b770304226_0_0.cell.nml,2,60,861
bNAC219_L23_BTC_07c7c10a30_0_0,bNAC219_L23_BTC_07c7c10a30_0_0.cell.nml,2,63,3539
dSTUT214_L6_NBC_73114eff1a_0_0,dSTUT214_L6_NBC_73114eff1a_0_0.cell.nml,2,49,1824
bAC217_L4_BTC_ede3831900_0_0,bAC217_L4_BTC_ede3831900_0_0.cell.nml,2,49,1457
cNAC187_L5_MC_42542e071a_0_0,cNAC187_L5_MC_42542e071a_0_0.cell.nml,2,138,2255
cADpyr231_L6_TPC_L1_1856ba2db5_0_0,cADpyr231_L6_TPC_L1_1856ba2db5_0_0.cell.nml,2,131,4829
bNAC219_L4_NGC_52e552f939_0_0,bNAC219_L4_NGC_52e552f939_0_0.cell.nml,2,117,1336
dNAC222_L23_ChC_2a16475c82_0_0,dNAC222_L23_ChC_2a16475c82_0_0.cell.nml,2,63,1114
bIR215_L5_MC_fdc7bd1d07_0_0,bIR215_L5_MC_fdc7bd1d07_0_0.cell.nml,2,25,748
bIR215_L4_BTC_4e26f3a393_0_0,bIR215_L4_BTC_4e26f3a393_0_0.cell.nml,2,20,890
cIR216_L6_DBC_9e6b867e51_0_0,cIR216_L6_DBC_9e6b867e51_0_0.cell.nml,2,60,861
cACint209_L4_NGC_5afa44ef6a_0_0,cACint209_L4_NGC_5afa44ef6a_0_0.cell.nml,2,158,1464
cIR216_L4_DBC_e15869b926_0_0,cIR216_L4_DBC_e15869b926_0_0.cell.nml,2,83,993
bNAC219_L6_DBC_9daccafbcb_0_0,bNAC219_L6_DBC_9daccafbcb_0_0.cell.nml,2,44,2370
cNAC187_L23_MC_940ffcbb27_0_0,cNAC187_L23_MC_940ffcbb27_0_0.cell.nml,2,62,1393
cSTUT189_L6_NBC_23c8220f56_0_0,cSTUT189_L6_NBC_23c8220f56_0_0.cell.nml,2,37,1189
bIR215_L6_BP_41b33b48e3_0_0,bIR215_L6_BP_41b33b48e3_0_0.cell.nml,2,62,1002
cACint209_L4_SBC_684e05d4eb_0_0,cACint209_L4_SBC_684e05d4eb_0_0.cell.nml,2,49,548
bNAC219_L4_MC_29457dde26_0_0,bNAC219_L4_MC_29457dde26_0_0.cell.nml,2,65,4307
dNAC222_L6_ChC_df66841015_0_0,dNAC222_L6_ChC_df66841015_0_0.cell.nml,2,89,2464
bIR215_L6_NBC_5d97f161ff_0_0,bIR215_L6_NBC_5d97f161ff_0_0.cell.nml,2,77,1828
cNAC187_L1_NGCDA_886ddf503d_0_0,cNAC187_L1_NGCDA_886ddf503d_0_0.cell.nml,2,62,1515
cADpyr231_L6_TPC_L4_184fd5677b_0_0,cADpyr231_L6_TPC_L4_184fd5677b_0_0.cell.nml,2,79,6386
cNAC187_L5_BTC_a47bfc03bb_0_0,cNAC187_L5_BTC_a47bfc03bb_0_0.cell.nml,2,109,2574
dNAC222_L23_SBC_48c120ddd5_0_0,dNAC222_L23_SBC_48c120ddd5_0_0.cell.nml,2,37,544
bAC217_L6_MC_792eb41cce_0_0,bAC217_L6_MC_792eb41cce_0_0.cell.nml,2,91,2830
cNAC187_L23_NGC_3c9a6fcd96_0_0,cNAC187_L23_NGC_3c9a6fcd96_0_0.cell.nml,2,117,1336
bNAC219_L23_BP_023bbf4d99_0_0,bNAC219_L23_BP_023bbf4d99_0_0.cell.nml,2,12,196
bIR215_L23_DBC_4d1e2d44e8_0_0,bIR215_L23_DBC_4d1e2d44e8_0_0.cell.nml,2,38,1316
bIR215_L5_BP_03b3d4a19f_0_0,bIR215_L5_BP_03b3d4a19f_0_0.cell.nml,2,62,1002
dNAC222_L23_MC_940ffcbb27_0_0,dNAC222_L23_MC_940ffcbb27_0_0.cell.nml,2,62,1393
bNAC219_L1_HAC_f8c9772d9d_0_0,bNAC219_L1_HAC_f8c9772d9d_0_0.cell.nml,2,43,1773
bSTUT213_L4_BTC_32b27576a9_0_0,bSTUT213_L4_BTC_32b27576a9_0_0.cell.nml,2,20,890
cIR216_L23_NBC_d359064733_0_0,cIR216_L23_NBC_d359064733_0_0.cell.nml,2,39,1393
bIR215_L6_BP_c202839326_0_0,bIR215_L6_BP_c202839326_0_0.cell.nml,2,62,1002
bSTUT213_L4_BTC_93ff2bc104_0_0,bSTUT213_L4_BTC_93ff2bc104_0_0.cell.nml,2,20,890
bNAC219_L23_BP_40adbb9f96_0_0,bNAC219_L23_BP_40adbb9f96_0_0.cell.nml,2,12,196
cNAC187_L23_BTC_13a502998f_0_0,cNAC187_L23_BTC_13a502998f_0_0.cell.nml,2,41,643
cNAC187_L5_ChC_7c8be3c828_0_0,cNAC187_L5_ChC_7c8be3c828_0_0.cell.nml,2,89,2464
cADpyr230_L4_SP_1c98df1fde_0_0,cADpyr230_L4_SP_1c98df1fde_0_0.cell.nml,2,67,1201
bNAC219_L4_MC_8a4a02932c_0_0,bNAC219_L4_MC_8a4a02932c_0_0.cell.nml,2,81,1549
cACint209_L4_MC_f8c62d11b0_0_0,cACint209_L4_MC_f8c62d11b0_0_0.cell.nml,2,23,576
cNAC187_L1_HAC_f7023f0666_0_0,cNAC187_L1_HAC_f7023f0666_0_0.cell.nml,2,28,637
bIR215_L23_BP_ab6ff08482_0_0,bIR215_L23_BP_ab6ff08482_0_0.cell.nml,2,12,196
cSTUT189_L5_LBC_640a1cef1d_0_0,cSTUT189_L5_LBC_640a1cef1d_0_0.cell.nml,2,101,2211
cNAC187_L4_MC_f8c62d11b0_0_0,cNAC187_L4_MC_f8c62d11b0_0_0.cell.nml,2,23,576
bSTUT213_L4_BTC_62f17815ed_0_0,bSTUT213_L4_BTC_62f17815ed_0_0.cell.nml,2,49,1457
cNAC187_L4_DBC_cf9508af7b_0_0,cNAC187_L4_DBC_cf9508af7b_0_0.cell.nml,2,61,3419
bAC217_L23_BP_ca85cefc69_0_0,bAC217_L23_BP_ca85cefc69_0_0.cell.nml,2,12,196
cSTUT189_L4_NGC_1c20d72451_0_0,cSTUT189_L4_NGC_1c20d72451_0_0.cell.nml,2,117,1336
bAC217_L5_MC_cc2a170ef6_0_0,bAC217_L5_MC_cc2a170ef6_0_0.cell.nml,2,54,1512
cACint209_L5_LBC_126a82ac08_0_0,cACint209_L5_LBC_126a82ac08_0_0.cell.nml,2,43,1102
cADpyr230_L4_SS_a8ef0f9d97_0_0,cADpyr230_L4_SS_a8ef0f9d97_0_0.cell.nml,2,31,753
cIR216_L6_DBC_f7446db64e_0_0,cIR216_L6_DBC_f7446db64e_0_0.cell.nml,2,44,2370
bNAC219_L4_SBC_3845e9299a_0_0,bNAC219_L4_SBC_3845e9299a_0_0.cell.nml,2,39,2297
cACint209_L4_ChC_6d90400381_0_0,cACint209_L4_ChC_6d90400381_0_0.cell.nml,2,89,2464
dSTUT214_L5_LBC_a7bdd51160_0_0,dSTUT214_L5_LBC_a7bdd51160_0_0.cell.nml,2,78,2171
cACint209_L6_BP_52bbfb0292_0_0,cACint209_L6_BP_52bbfb0292_0_0.cell.nml,2,62,1002
cACint209_L1_SLAC_23649a0c82_0_0,cACint209_L1_SLAC_23649a0c82_0_0.cell.nml,2,59,1009
dNAC222_L5_ChC_75c658c9b8_0_0,dNAC222_L5_ChC_75c658c9b8_0_0.cell.nml,2,99,1241
bAC217_L6_BP_b41e8e0c23_0_0,bAC217_L6_BP_b41e8e0c23_0_0.cell.nml,2,62,1002
cACint209_L4_BTC_6909c18187_0_0,cACint209_L4_BTC_6909c18187_0_0.cell.nml,2,41,921
cSTUT189_L6_LBC_530a402f3f_0_0,cSTUT189_L6_LBC_530a402f3f_0_0.cell.nml,2,46,1871
bNAC219_L6_BP_77ea5abf2a_0_0,bNAC219_L6_BP_77ea5abf2a_0_0.cell.nml,2,62,1002
cACint209_L23_BP_4c3a004bfc_0_0,cACint209_L23_BP_4c3a004bfc_0_0.cell.nml,2,12,196
bSTUT213_L6_MC_5597e4d536_0_0,bSTUT213_L6_MC_5597e4d536_0_0.cell.nml,2,35,1610
bNAC219_L5_SBC_0e6ba49679_0_0,bNAC219_L5_SBC_0e6ba49679_0_0.cell.nml,2,49,2117
bAC217_L23_NBC_711b6a838e_0_0,bAC217_L23_NBC_711b6a838e_0_0.cell.nml,2,50,1329
bSTUT213_L6_DBC_4765d943f4_0_0,bSTUT213_L6_DBC_4765d943f4_0_0.cell.nml,2,78,1797
cSTUT189_L5_NBC_4126235f8b_0_0,cSTUT189_L5_NBC_4126235f8b_0_0.cell.nml,2,68,2416
cACint209_L5_BP_f600080385_0_0,cACint209_L5_BP_f600080385_0_0.cell.nml,2,62,1002
bNAC219_L6_DBC_e08f2b8ef4_0_0,bNAC219_L6_DBC_e08f2b8ef4_0_0.cell.nml,2,76,4700
cNAC187_L5_NGC_73e8f0de9d_0_0,cNAC187_L5_NGC_73e8f0de9d_0_0.cell.nml,2,118,1556
cNAC187_L6_MC_df869132b9_0_0,cNAC187_L6_MC_df869132b9_0_0.cell.nml,2,164,2658
cACint209_L4_SBC_12caedd28c_0_0,cACint209_L4_SBC_12caedd28c_0_0.cell.nml,2,43,2440
bIR215_L4_BP_2446cadf29_0_0,bIR215_L4_BP_2446cadf29_0_0.cell.nml,2,13,254
bIR215_L4_BTC_d656c19ac5_0_0,bIR215_L4_BTC_d656c19ac5_0_0.cell.nml,2,41,921
bIR215_L23_BP_01b2a216cc_0_0,bIR215_L23_BP_01b2a216cc_0_0.cell.nml,2,12,196
cSTUT189_L23_LBC_d2eb341534_0_0,cSTUT189_L23_LBC_d2eb341534_0_0.cell.nml,2,29,927
cACint209_L6_DBC_98012db3f3_0_0,cACint209_L6_DBC_98012db3f3_0_0.cell.nml,2,60,861
bSTUT213_L6_NBC_a3ddbb0af0_0_0,bSTUT213_L6_NBC_a3ddbb0af0_0_0.cell.nml,2,34,2058
cADpyr232_L5_UTPC_34f655e7f8_0_0,cADpyr232_L5_UTPC_34f655e7f8_0_0.cell.nml,2,95,6332
bNAC219_L5_BP_46b0f41def_0_0,bNAC219_L5_BP_46b0f41def_0_0.cell.nml,2,62,1002
bAC217_L5_LBC_3daa582d70_0_0,bAC217_L5_LBC_3daa582d70_0_0.cell.nml,2,30,612
bNAC219_L23_NBC_6561f8d865_0_0,bNAC219_L23_NBC_6561f8d865_0_0.cell.nml,2,39,1393
dNAC222_L5_LBC_f906bb679c_0_0,dNAC222_L5_LBC_f906bb679c_0_0.cell.nml,2,101,2211
cADpyr232_L5_STPC_6d41d50fcb_0_0,cADpyr232_L5_STPC_6d41d50fcb_0_0.cell.nml,2,132,7155
cACint209_L5_NBC_3bb78a3daa_0_0,cACint209_L5_NBC_3bb78a3daa_0_0.cell.nml,2,36,1916
cACint209_L5_NGC_2ab508e906_0_0,cACint209_L5_NGC_2ab508e906_0_0.cell.nml,2,118,1556
dNAC222_L4_BTC_7345a3c5cd_0_0,dNAC222_L4_BTC_7345a3c5cd_0_0.cell.nml,2,20,890
cACint209_L5_DBC_189fcfd9e0_0_0,cACint209_L5_DBC_189fcfd9e0_0_0.cell.nml,2,41,886
cACint209_L23_NGC_8a9ea95bee_0_0,cACint209_L23_NGC_8a9ea95bee_0_0.cell.nml,2,117,1336
cIR216_L6_MC_dc1f55aab0_0_0,cIR216_L6_MC_dc1f55aab0_0_0.cell.nml,2,51,1089
cIR216_L5_NBC_a17b13fac2_0_0,cIR216_L5_NBC_a17b13fac2_0_0.cell.nml,2,68,2416
cNAC187_L23_LBC_95f37b59ec_0_0,cNAC187_L23_LBC_95f37b59ec_0_0.cell.nml,2,72,1589
cADpyr231_L6_TPC_L4_91b667d362_0_0,cADpyr231_L6_TPC_L4_91b667d362_0_0.cell.nml,2,79,6412
dNAC222_L5_LBC_99ab75ea98_0_0,dNAC222_L5_LBC_99ab75ea98_0_0.cell.nml,2,33,1885
bAC217_L23_BP_472b717f1f_0_0,bAC217_L23_BP_472b717f1f_0_0.cell.nml,2,12,196
bSTUT213_L6_LBC_40c756925d_0_0,bSTUT213_L6_LBC_40c756925d_0_0.cell.nml,2,31,1299
bAC217_L23_BP_2004171a4c_0_0,bAC217_L23_BP_2004171a4c_0_0.cell.nml,2,12,196
cSTUT189_L6_LBC_0f06cad592_0_0,cSTUT189_L6_LBC_0f06cad592_0_0.cell.nml,2,64,2217
cNAC187_L6_BTC_6b85c850ab_0_0,cNAC187_L6_BTC_6b85c850ab_0_0.cell.nml,2,69,2424
bIR215_L6_MC_8f46a0ad62_0_0,bIR215_L6_MC_8f46a0ad62_0_0.cell.nml,2,91,2830
cACint209_L4_LBC_45f62e2816_0_0,cACint209_L4_LBC_45f62e2816_0_0.cell.nml,2,34,1209
cACint209_L23_SBC_c2414afe0b_0_0,cACint209_L23_SBC_c2414afe0b_0_0.cell.nml,2,31,964
bAC217_L5_LBC_b66dd6b653_0_0,bAC217_L5_LBC_b66dd6b653_0_0.cell.nml,2,64,5029
dNAC222_L6_ChC_9060a4c27e_0_0,dNAC222_L6_ChC_9060a4c27e_0_0.cell.nml,2,52,2948
dNAC222_L6_SBC_f2d2498fe5_0_0,dNAC222_L6_SBC_f2d2498fe5_0_0.cell.nml,2,57,2917
bIR215_L4_BP_d04c4872bd_0_0,bIR215_L4_BP_d04c4872bd_0_0.cell.nml,2,13,254
dNAC222_L5_ChC_2f130a9db3_0_0,dNAC222_L5_ChC_2f130a9db3_0_0.cell.nml,2,89,2464
cACint209_L4_DBC_280e20a247_0_0,cACint209_L4_DBC_280e20a247_0_0.cell.nml,2,83,993
bAC217_L5_NBC_768f1bf7ac_0_0,bAC217_L5_NBC_768f1bf7ac_0_0.cell.nml,2,37,1423
bNAC219_L23_LBC_fe2122c75c_0_0,bNAC219_L23_LBC_fe2122c75c_0_0.cell.nml,2,43,1259
bNAC219_L4_SBC_20e5caa0d2_0_0,bNAC219_L4_SBC_20e5caa0d2_0_0.cell.nml,2,52,1201
cNAC187_L4_BTC_32b27576a9_0_0,cNAC187_L4_BTC_32b27576a9_0_0.cell.nml,2,20,890
dNAC222_L5_ChC_03143d1e9b_0_0,dNAC222_L5_ChC_03143d1e9b_0_0.cell.nml,2,89,2464
cADpyr230_L4_PC_0dbf678e7f_0_0,cADpyr230_L4_PC_0dbf678e7f_0_0.cell.nml,2,90,1449
cSTUT189_L5_MC_8a4a02932c_0_0,cSTUT189_L5_MC_8a4a02932c_0_0.cell.nml,2,81,1549
cNAC187_L4_NGC_b606225da8_0_0,cNAC187_L4_NGC_b606225da8_0_0.cell.nml,2,117,1336
bNAC219_L23_LBC_936c35a9e1_0_0,bNAC219_L23_LBC_936c35a9e1_0_0.cell.nml,2,46,484
cNAC187_L5_LBC_d19674cc92_0_0,cNAC187_L5_LBC_d19674cc92_0_0.cell.nml,2,101,2211
cADpyr232_L5_TTPC1_da1088139b_0_0,cADpyr232_L5_TTPC1_da1088139b_0_0.cell.nml,2,236,7918
cACint209_L4_BP_a90620dca0_0_0,cACint209_L4_BP_a90620dca0_0_0.cell.nml,2,13,254
bNAC219_L6_LBC_9918304f5f_0_0,bNAC219_L6_LBC_9918304f5f_0_0.cell.nml,2,63,1486
cACint209_L4_ChC_2d707a8bcb_0_0,cACint209_L4_ChC_2d707a8bcb_0_0.cell.nml,2,99,1241
cACint209_L6_NBC_0de57faa51_0_0,cACint209_L6_NBC_0de57faa51_0_0.cell.nml,2,82,3054
bAC217_L5_LBC_c2cff91741_0_0,bAC217_L5_LBC_c2cff91741_0_0.cell.nml,2,110,2903
cADpyr232_L5_UTPC_5e3840b51e_0_0,cADpyr232_L5_UTPC_5e3840b51e_0_0.cell.nml,2,95,6332
bNAC219_L5_SBC_80f2f8b43e_0_0,bNAC219_L5_SBC_80f2f8b43e_0_0.cell.nml,2,111,6456
bNAC219_L4_NGC_f7ede76c77_0_0,bNAC219_L4_NGC_f7ede76c77_0_0.cell.nml,2,158,1464
bNAC219_L6_BP_b4ffa23859_0_0,bNAC219_L6_BP_b4ffa23859_0_0.cell.nml,2,62,1002
cACint209_L4_BP_5e74f0aae9_0_0,cACint209_L4_BP_5e74f0aae9_0_0.cell.nml,2,13,254
cNAC187_L6_BP_368ba2d07d_0_0,cNAC187_L6_BP_368ba2d07d_0_0.cell.nml,2,62,1002
bSTUT213_L4_BTC_9c68c60c2f_0_0,bSTUT213_L4_BTC_9c68c60c2f_0_0.cell.nml,2,49,1457
dSTUT214_L5_NBC_2518b7a9e0_0_0,dSTUT214_L5_NBC_2518b7a9e0_0_0.cell.nml,2,68,2416
bAC217_L23_MC_31f333a601_0_0,bAC217_L23_MC_31f333a601_0_0.cell.nml,2,68,2352
TCRm,TCRm.cell.nml,6,160,334
cNAC187_L6_NGC_f566e0b2a9_0_0,cNAC187_L6_NGC_f566e0b2a9_0_0.cell.nml,2,118,1556
dNAC222_L4_MC_3110386c07_0_0,dNAC222_L4_MC_3110386c07_0_0.cell.nml,2,77,1376
cNAC187_L4_NBC_36cd91dc08_0_0,cNAC187_L4_NBC_36cd91dc08_0_0.cell.nml,2,48,957
cNAC187_L5_NBC_2444ed2bac_0_0,cNAC187_L5_NBC_2444ed2bac_0_0.cell.nml,2,63,1577
bAC217_L5_DBC_a60ab35166_0_0,bAC217_L5_DBC_a60ab35166_0_0.cell.nml,2,105,5852
bAC217_L6_MC_6c575906a7_0_0,bAC217_L6_MC_6c575906a7_0_0.cell.nml,2,92,4947
bIR215_L4_BTC_7ea9933f77_0_0,bIR215_L4_BTC_7ea9933f77_0_0.cell.nml,2,78,6135
cACint209_L5_NBC_ac16f8ddcb_0_0,cACint209_L5_NBC_ac16f8ddcb_0_0.cell.nml,2,57,3338
cADpyr232_L5_STPC_4ec7a36770_0_0,cADpyr232_L5_STPC_4ec7a36770_0_0.cell.nml,2,100,8928
bIR215_L5_DBC_893b78d08e_0_0,bIR215_L5_DBC_893b78d08e_0_0.cell.nml,2,78,1797
dNAC222_L4_LBC_f6a71a338d_0_0,dNAC222_L4_LBC_f6a71a338d_0_0.cell.nml,2,24,1428
dNAC222_L6_SBC_fb9380858b_0_0,dNAC222_L6_SBC_fb9380858b_0_0.cell.nml,2,19,977
dNAC222_L4_NBC_0dd32b6386_0_0,dNAC222_L4_NBC_0dd32b6386_0_0.cell.nml,2,43,891
bNAC219_L1_HAC_dfd993e67b_0_0,bNAC219_L1_HAC_dfd993e67b_0_0.cell.nml,2,53,1335
cACint209_L6_BTC_bc69dce0ae_0_0,cACint209_L6_BTC_bc69dce0ae_0_0.cell.nml,2,69,2424
dSTUT214_L5_BP_0cbab2a2ce_0_0,dSTUT214_L5_BP_0cbab2a2ce_0_0.cell.nml,2,62,1002
cACint209_L4_NBC_9060dda08b_0_0,cACint209_L4_NBC_9060dda08b_0_0.cell.nml,2,40,2145
cACint209_L4_ChC_a78ee53c37_0_0,cACint209_L4_ChC_a78ee53c37_0_0.cell.nml,2,89,2464
bNAC219_L23_NGC_8d6df1ab35_0_0,bNAC219_L23_NGC_8d6df1ab35_0_0.cell.nml,2,117,1336
cADpyr232_L5_STPC_d63221b7a8_0_0,cADpyr232_L5_STPC_d63221b7a8_0_0.cell.nml,2,100,8947
cNAC187_L4_BTC_dbb05c9cf3_0_0,cNAC187_L4_BTC_dbb05c9cf3_0_0.cell.nml,2,78,6135
cNAC187_L23_ChC_2baab5270e_0_0,cNAC187_L23_ChC_2baab5270e_0_0.cell.nml,2,88,1171
cNAC187_L1_DLAC_612b4ae64f_0_0,cNAC187_L1_DLAC_612b4ae64f_0_0.cell.nml,2,86,2404
cNAC187_L4_NBC_327fc63584_0_0,cNAC187_L4_NBC_327fc63584_0_0.cell.nml,2,47,1114
bAC217_L5_MC_7eeb7cff0f_0_0,bAC217_L5_MC_7eeb7cff0f_0_0.cell.nml,2,138,2255
bAC217_L5_BTC_5b195d0631_0_0,bAC217_L5_BTC_5b195d0631_0_0.cell.nml,2,135,5219
cNAC187_L4_DBC_c6dae7aa61_0_0,cNAC187_L4_DBC_c6dae7aa61_0_0.cell.nml,2,83,993
bNAC219_L4_DBC_519f8feedc_0_0,bNAC219_L4_DBC_519f8feedc_0_0.cell.nml,2,61,3419
cSTUT189_L23_NGC_565b9e8b55_0_0,cSTUT189_L23_NGC_565b9e8b55_0_0.cell.nml,2,117,1336
cACint209_L23_LBC_fece30537a_0_0,cACint209_L23_LBC_fece30537a_0_0.cell.nml,2,62,4697
bIR215_L23_DBC_b0e6d189ec_0_0,bIR215_L23_DBC_b0e6d189ec_0_0.cell.nml,2,45,3984
cADpyr230_L4_SS_08eefff078_0_0,cADpyr230_L4_SS_08eefff078_0_0.cell.nml,2,31,753
bNAC219_L1_HAC_5c847ea2ef_0_0,bNAC219_L1_HAC_5c847ea2ef_0_0.cell.nml,2,31,837
bSTUT213_L4_DBC_c6dae7aa61_0_0,bSTUT213_L4_DBC_c6dae7aa61_0_0.cell.nml,2,83,993
cACint209_L5_NGC_182e4f4a95_0_0,cACint209_L5_NGC_182e4f4a95_0_0.cell.nml,2,118,1556
cACint209_L5_NBC_e9641cafc3_0_0,cACint209_L5_NBC_e9641cafc3_0_0.cell.nml,2,68,2416
cADpyr231_L6_TPC_L4_3f1b0bd478_0_0,cADpyr231_L6_TPC_L4_3f1b0bd478_0_0.cell.nml,2,79,6389
cNAC187_L23_BP_847bf46ccf_0_0,cNAC187_L23_BP_847bf46ccf_0_0.cell.nml,2,12,196
bNAC219_L1_NGCDA_46b45974f4_0_0,bNAC219_L1_NGCDA_46b45974f4_0_0.cell.nml,2,47,1024
dNAC222_L5_LBC_0ffcc91920_0_0,dNAC222_L5_LBC_0ffcc91920_0_0.cell.nml,2,78,2171
cNAC187_L23_ChC_6f06a0ce3d_0_0,cNAC187_L23_ChC_6f06a0ce3d_0_0.cell.nml,2,39,2560
bAC217_L5_NBC_e943473349_0_0,bAC217_L5_NBC_e943473349_0_0.cell.nml,2,55,1828
cIR216_L23_NBC_1f21a64cc1_0_0,cIR216_L23_NBC_1f21a64cc1_0_0.cell.nml,2,58,860
bIR215_L4_DBC_f339de2544_0_0,bIR215_L4_DBC_f339de2544_0_0.cell.nml,2,83,993
bAC217_L5_BP_d0cc8d7615_0_0,bAC217_L5_BP_d0cc8d7615_0_0.cell.nml,2,62,1002
cACint209_L4_LBC_852c3c018f_0_0,cACint209_L4_LBC_852c3c018f_0_0.cell.nml,2,43,927
cNAC187_L6_BTC_844c3bba88_0_0,cNAC187_L6_BTC_844c3bba88_0_0.cell.nml,2,69,2424
dNAC222_L4_LBC_a6205ed0df_0_0,dNAC222_L4_LBC_a6205ed0df_0_0.cell.nml,2,34,1209
cACint209_L4_NGC_ceb889b1bc_0_0,cACint209_L4_NGC_ceb889b1bc_0_0.cell.nml,2,117,1336
cNAC187_L4_MC_3110386c07_0_0,cNAC187_L4_MC_3110386c07_0_0.cell.nml,2,77,1376
dSTUT214_L23_BP_5a18c05889_0_0,dSTUT214_L23_BP_5a18c05889_0_0.cell.nml,2,12,196
cACint209_L6_MC_792eb41cce_0_0,cACint209_L6_MC_792eb41cce_0_0.cell.nml,2,91,2830
cACint209_L4_SBC_4148f86d4f_0_0,cACint209_L4_SBC_4148f86d4f_0_0.cell.nml,2,89,1363
cACint209_L5_LBC_3285d77dba_0_0,cACint209_L5_LBC_3285d77dba_0_0.cell.nml,2,52,2388
cNAC187_L1_HAC_dfd993e67b_0_0,cNAC187_L1_HAC_dfd993e67b_0_0.cell.nml,2,53,1335
cACint209_L5_ChC_e98f63217d_0_0,cACint209_L5_ChC_e98f63217d_0_0.cell.nml,2,99,1241
bNAC219_L5_DBC_d56fbcd5cf_0_0,bNAC219_L5_DBC_d56fbcd5cf_0_0.cell.nml,2,78,1797
bNAC219_L6_DBC_b8f064ed89_0_0,bNAC219_L6_DBC_b8f064ed89_0_0.cell.nml,2,78,1797
bNAC219_L23_BP_0ab57a7682_0_0,bNAC219_L23_BP_0ab57a7682_0_0.cell.nml,2,12,196
cNAC187_L4_ChC_0f9f727230_0_0,cNAC187_L4_ChC_0f9f727230_0_0.cell.nml,2,52,2948
dSTUT214_L5_NBC_283ce5d859_0_0,dSTUT214_L5_NBC_283ce5d859_0_0.cell.nml,2,63,1577
bSTUT213_L6_MC_e8d04feaa6_0_0,bSTUT213_L6_MC_e8d04feaa6_0_0.cell.nml,2,135,3853
cADpyr232_L5_TTPC1_b6836fcf6f_0_0,cADpyr232_L5_TTPC1_b6836fcf6f_0_0.cell.nml,2,233,3076
cNAC187_L4_NBC_0bf743ff25_0_0,cNAC187_L4_NBC_0bf743ff25_0_0.cell.nml,2,72,1133
bAC217_L23_NBC_da24c6bffc_0_0,bAC217_L23_NBC_da24c6bffc_0_0.cell.nml,2,39,1393
cNAC187_L6_BP_b022a66bd2_0_0,cNAC187_L6_BP_b022a66bd2_0_0.cell.nml,2,62,1002
cIR216_L5_LBC_c3984af99c_0_0,cIR216_L5_LBC_c3984af99c_0_0.cell.nml,2,64,5029
dNAC222_L6_ChC_ac94876fe9_0_0,dNAC222_L6_ChC_ac94876fe9_0_0.cell.nml,2,99,1241
cNAC187_L6_NBC_777b9bec91_0_0,cNAC187_L6_NBC_777b9bec91_0_0.cell.nml,2,82,3054
cADpyr231_L6_UTPC_9f3da79327_0_0,cADpyr231_L6_UTPC_9f3da79327_0_0.cell.nml,2,88,4227
cNAC187_L1_DAC_a4cb1c245c_0_0,cNAC187_L1_DAC_a4cb1c245c_0_0.cell.nml,2,44,1124
bIR215_L6_LBC_05f55c6541_0_0,bIR215_L6_LBC_05f55c6541_0_0.cell.nml,2,80,4178
cACint209_L4_ChC_55f3c5c127_0_0,cACint209_L4_ChC_55f3c5c127_0_0.cell.nml,2,52,2948
cACint209_L23_NBC_2d5f9c7a57_0_0,cACint209_L23_NBC_2d5f9c7a57_0_0.cell.nml,2,54,814
dSTUT214_L4_LBC_396684f644_0_0,dSTUT214_L4_LBC_396684f644_0_0.cell.nml,2,24,1428
bNAC219_L23_NGC_d600988347_0_0,bNAC219_L23_NGC_d600988347_0_0.cell.nml,2,158,1464
cADpyr232_L5_TTPC2_8bab918b58_0_0,cADpyr232_L5_TTPC2_8bab918b58_0_0.cell.nml,2,189,5586
bSTUT213_L6_MC_8f46a0ad62_0_0,bSTUT213_L6_MC_8f46a0ad62_0_0.cell.nml,2,91,2830
cNAC187_L23_MC_3110386c07_0_0,cNAC187_L23_MC_3110386c07_0_0.cell.nml,2,77,1376
bAC217_L23_BTC_d9b97f1242_0_0,bAC217_L23_BTC_d9b97f1242_0_0.cell.nml,2,63,3539
cNAC187_L4_LBC_1cf329956f_0_0,cNAC187_L4_LBC_1cf329956f_0_0.cell.nml,2,44,977
cIR216_L1_HAC_84f0f8f321_0_0,cIR216_L1_HAC_84f0f8f321_0_0.cell.nml,2,43,847
dNAC222_L23_NBC_ed12f3afab_0_0,dNAC222_L23_NBC_ed12f3afab_0_0.cell.nml,2,53,772
cNAC187_L6_NBC_96f68bef66_0_0,cNAC187_L6_NBC_96f68bef66_0_0.cell.nml,2,34,2058
bAC217_L23_MC_1490f15199_0_0,bAC217_L23_MC_1490f15199_0_0.cell.nml,2,231,1842
cNAC187_L6_NGC_aa5e388292_0_0,cNAC187_L6_NGC_aa5e388292_0_0.cell.nml,2,118,1556
cNAC187_L6_DBC_3fe85d9b5d_0_0,cNAC187_L6_DBC_3fe85d9b5d_0_0.cell.nml,2,60,861
cIR216_L23_NBC_84b7be2a4c_0_0,cIR216_L23_NBC_84b7be2a4c_0_0.cell.nml,2,50,1329
bNAC219_L4_MC_2eb83e1eed_0_0,bNAC219_L4_MC_2eb83e1eed_0_0.cell.nml,2,74,1863
dNAC222_L23_MC_31f333a601_0_0,dNAC222_L23_MC_31f333a601_0_0.cell.nml,2,68,2352
bSTUT213_L5_NBC_650c18e6aa_0_0,bSTUT213_L5_NBC_650c18e6aa_0_0.cell.nml,2,65,1037
bNAC219_L4_MC_5fa0a62bd0_0_0,bNAC219_L4_MC_5fa0a62bd0_0_0.cell.nml,2,65,4307
cNAC187_L23_BP_a9d486b0d6_0_0,cNAC187_L23_BP_a9d486b0d6_0_0.cell.nml,2,12,196
bAC217_L23_BTC_e561810e0d_0_0,bAC217_L23_BTC_e561810e0d_0_0.cell.nml,2,91,1160
dNAC222_L23_NBC_2f216c0d74_0_0,dNAC222_L23_NBC_2f216c0d74_0_0.cell.nml,2,70,1380
cSTUT189_L5_LBC_6f185d799a_0_0,cSTUT189_L5_LBC_6f185d799a_0_0.cell.nml,2,33,1885
cACint209_L5_NGC_a22132f37b_0_0,cACint209_L5_NGC_a22132f37b_0_0.cell.nml,2,118,1556
cNAC187_L5_BP_94e814803e_0_0,cNAC187_L5_BP_94e814803e_0_0.cell.nml,2,62,1002
cADpyr231_L6_TPC_L1_f2d985e7ff_0_0,cADpyr231_L6_TPC_L1_f2d985e7ff_0_0.cell.nml,2,83,4560
dNAC222_L4_NBC_aa36da75a3_0_0,dNAC222_L4_NBC_aa36da75a3_0_0.cell.nml,2,44,1269
cSTUT189_L5_NGC_de4f4a2b62_0_0,cSTUT189_L5_NGC_de4f4a2b62_0_0.cell.nml,2,118,1556
bNAC219_L6_NGC_6bf1113bb8_0_0,bNAC219_L6_NGC_6bf1113bb8_0_0.cell.nml,2,118,1556
cACint209_L23_DBC_4041312e0d_0_0,cACint209_L23_DBC_4041312e0d_0_0.cell.nml,2,47,1011
bSTUT213_L4_DBC_c5d29c2b17_0_0,bSTUT213_L4_DBC_c5d29c2b17_0_0.cell.nml,2,61,3419
bIR215_L23_DBC_56fd12fad5_0_0,bIR215_L23_DBC_56fd12fad5_0_0.cell.nml,2,61,1071
cSTUT189_L4_LBC_11016afdad_0_0,cSTUT189_L4_LBC_11016afdad_0_0.cell.nml,2,24,1428
cIR216_L5_DBC_b81a484394_0_0,cIR216_L5_DBC_b81a484394_0_0.cell.nml,2,41,886
dNAC222_L4_SBC_9995bf5c97_0_0,dNAC222_L4_SBC_9995bf5c97_0_0.cell.nml,2,50,2580
cNAC187_L4_ChC_fa7ba30f35_0_0,cNAC187_L4_ChC_fa7ba30f35_0_0.cell.nml,2,52,2948
bNAC219_L5_NGC_59eea55c41_0_0,bNAC219_L5_NGC_59eea55c41_0_0.cell.nml,2,118,1556
cSTUT189_L5_NGC_ed87bd926f_0_0,cSTUT189_L5_NGC_ed87bd926f_0_0.cell.nml,2,118,1556
cIR216_L5_DBC_5f1980557e_0_0,cIR216_L5_DBC_5f1980557e_0_0.cell.nml,2,76,4700
dNAC222_L4_MC_8a4a02932c_0_0,dNAC222_L4_MC_8a4a02932c_0_0.cell.nml,2,81,1549
bSTUT213_L6_LBC_b4f69c277d_0_0,bSTUT213_L6_LBC_b4f69c277d_0_0.cell.nml,2,47,2199
bNAC219_L5_SBC_77ab259b7f_0_0,bNAC219_L5_SBC_77ab259b7f_0_0.cell.nml,2,41,1074
dNAC222_L23_LBC_936c35a9e1_0_0,dNAC222_L23_LBC_936c35a9e1_0_0.cell.nml,2,46,484
bIR215_L5_BP_706acf4049_0_0,bIR215_L5_BP_706acf4049_0_0.cell.nml,2,62,1002
cNAC187_L6_MC_6c575906a7_0_0,cNAC187_L6_MC_6c575906a7_0_0.cell.nml,2,92,4947
bAC217_L6_NBC_ee7b52323f_0_0,bAC217_L6_NBC_ee7b52323f_0_0.cell.nml,2,34,2058
bIR215_L5_MC_bf2b2fbcbf_0_0,bIR215_L5_MC_bf2b2fbcbf_0_0.cell.nml,2,156,8243
cIR216_L1_HAC_5c847ea2ef_0_0,cIR216_L1_HAC_5c847ea2ef_0_0.cell.nml,2,31,837
bIR215_L6_BP_de7da8c370_0_0,bIR215_L6_BP_de7da8c370_0_0.cell.nml,2,62,1002
bAC217_L6_DBC_d59edbb45e_0_0,bAC217_L6_DBC_d59edbb45e_0_0.cell.nml,2,94,2685
cADpyr229_L23_PC_c2e79db05a_0_0,cADpyr229_L23_PC_c2e79db05a_0_0.cell.nml,2,107,1337
bSTUT213_L5_MC_13c5267e91_0_0,bSTUT213_L5_MC_13c5267e91_0_0.cell.nml,2,54,1512
bNAC219_L23_DBC_1441fd5669_0_0,bNAC219_L23_DBC_1441fd5669_0_0.cell.nml,2,49,1087
bNAC219_L23_NGC_025b2126a1_0_0,bNAC219_L23_NGC_025b2126a1_0_0.cell.nml,2,117,1336
cACint209_L6_BP_b4ffa23859_0_0,cACint209_L6_BP_b4ffa23859_0_0.cell.nml,2,62,1002
bAC217_L4_BP_a8b6abe396_0_0,bAC217_L4_BP_a8b6abe396_0_0.cell.nml,2,13,254
cACint209_L23_MC_ba3c5063e4_0_0,cACint209_L23_MC_ba3c5063e4_0_0.cell.nml,2,63,1182
dNAC222_L23_NBC_ec4aba2351_0_0,dNAC222_L23_NBC_ec4aba2351_0_0.cell.nml,2,54,814
cADpyr232_L5_TTPC2_a28017c6c7_0_0,cADpyr232_L5_TTPC2_a28017c6c7_0_0.cell.nml,2,189,5579
cSTUT189_L5_LBC_7e5297a36c_0_0,cSTUT189_L5_LBC_7e5297a36c_0_0.cell.nml,2,18,1017
cNAC187_L1_DLAC_3a1208130a_0_0,cNAC187_L1_DLAC_3a1208130a_0_0.cell.nml,2,54,1700
cNAC187_L23_NBC_9d37c4b1f8_0_0,cNAC187_L23_NBC_9d37c4b1f8_0_0.cell.nml,2,52,899
cNAC187_L5_DBC_d900bc4e97_0_0,cNAC187_L5_DBC_d900bc4e97_0_0.cell.nml,2,76,4700
bNAC219_L6_BP_6f14cec977_0_0,bNAC219_L6_BP_6f14cec977_0_0.cell.nml,2,62,1002
bAC217_L5_BP_e3706556cb_0_0,bAC217_L5_BP_e3706556cb_0_0.cell.nml,2,62,1002
cSTUT189_L6_NBC_55825b9e30_0_0,cSTUT189_L6_NBC_55825b9e30_0_0.cell.nml,2,60,1155
dNAC222_L4_SBC_dcee829578_0_0,dNAC222_L4_SBC_dcee829578_0_0.cell.nml,2,17,155
